id,city,area,geoarea,population,climate_class,builtup_area,income_group,orientation_entropy,walk_prox_poi_mean,walk_prox_poi_median,walk_prox_poi_range,walk_prox_poi_std,walk_prox_poi_iqr,walk_prox_pub_transport_mean,walk_prox_pub_transport_median,walk_prox_pub_transport_range,walk_prox_pub_transport_std,walk_prox_pub_transport_iqr,walk_circuity,walk_street_len_mean,walk_street_len_median,walk_street_len_range,walk_street_len_std,walk_street_len_iqr,walk_street_density,walk_street_len_total,walk_link_node_ratio,walk_intersection_density,walk_intersection_count,bike_prox_poi_mean,bike_prox_poi_median,bike_prox_poi_range,bike_prox_poi_std,bike_prox_poi_iqr,bike_slope_mean,bike_slope_median,bike_slope_range,bike_slope_std,bike_slope_iqr,bike_circuity,bike_street_len_mean,bike_street_len_median,bike_street_len_range,bike_street_len_std,bike_street_len_iqr,bike_street_density,bike_street_len_total,bike_link_node_ratio,bike_intersection_density,bike_intersection_count
84,quito,380,AM,2605678.13,9,93.966531,Upper Middle,3.537060954,26.80505481,29,53,14.15404447,22,3.364798321,2,22,4.062636356,5,1.093105299,79.49739308,57.78864836,6853.444575,87.78246339,61.82285214,17875.19804,6792575.254,1.301243898,208.8657895,79369,42.62324755,44,64,13.17933283,18,0.071019492,0.042143668,0.999235693,0.097505092,0.087327269,1.065928704,81.21286664,59.7484339,6853.444156,87.26018488,60.06657433,29341.56756,11149795.67,1.289141062,126.3157895,48000
80,bogota,534,AM,10419360.65,15,151.98184,Upper Middle,3.550393397,27.36817052,28,59,11.5877896,15,3.214712341,2,38,4.494652562,5,1.052477436,59.4838836,43.89742697,2733.388813,59.50778444,47.91702099,21263.48331,11354700.09,1.41770235,277.670412,148276,46.72999065,48,73,12.75232174,14,0.043723912,0.021584247,0.997219764,0.068710635,0.054276892,1.054349015,69.72651213,50.94935445,3253.012074,73.97830525,55.86764802,30592.44191,16336363.98,1.381181338,156.6067416,83628
78,ottawa,208,AM,604618.1703,26,39.650541,High income,3.38871472,26.28866413,26,54,10.12426548,13,10.81837597,9,61,8.401928351,10,1.079533755,55.0121561,35.25990597,2286.061377,62.24274251,48.38520844,22398.67542,4658924.488,1.3878696,371.5817308,77289,45.24118653,45,64,11.25038803,13,0.028738483,0.01464041,0.953988823,0.047262411,0.039697715,1.098664968,63.74485633,41.98878408,2174.041064,72.98378213,56.51166663,34213.82578,7116475.761,1.325007541,184.9038462,38460
82,havana,321,AM,1632771.662,3,56.147515,Upper Middle,3.564727495,25.18119157,24,55,13.67474691,19,6.742151528,6,43,5.981002155,8,1.057586123,82.56002006,67.33493154,4802.487833,76.31454062,66.75770255,12095.94313,3882797.743,1.432649644,105,33705,44.84950431,46,64,13.14103808,16,0.029862745,0.020926695,0.958935973,0.036668202,0.033820894,1.052202907,92.74276394,76.49946887,1958.523413,79.26578057,65.42022415,20137.31434,6464077.904,1.453455496,71.19937695,22855
79,santiago,801,AM,6633766.609,8,222.766877,High income,3.429245848,23.64243974,23,56,10.83537505,13,7.068109812,7,43,4.917773235,7,1.038988522,65.3534235,46.38201145,2723.502984,68.150059,54.8278923,17378.13619,13919887.09,1.388582291,212.2184769,169987,43.67375987,44,66,10.76964909,10,0.025700801,0.015172711,0.989810022,0.04250086,0.032542922,1.034207111,68.33066409,48.76735563,2726.51372,70.23645505,53.7154258,28093.28668,22502722.63,1.394285061,149.9787765,120133
92,managua,216,AM,1436088.514,3,54.594299,Lower Middle,3.351376103,21.45662412,22,47,11.19106918,17,8.219881359,6,59,8.178705104,11,1.054143242,78.31467377,59.01882952,2552.45915,75.59129565,60.89849985,13522.33367,2920824.073,1.417760201,123.2638889,26625,42.43641618,48,59,12.665266,16,0.03295968,0.02281241,0.976815083,0.042474331,0.038977128,1.048551087,80.9052855,61.33280743,2552.46523,76.61594834,59.41757522,24628.91733,5319846.143,1.407668593,98.29166667,21231
81,san_jose,491,AM,2272571.519,2,109.575763,Upper Middle,3.53896773,22.59985931,22,55,11.71701567,16,2.44277907,0,57,4.484997581,3,1.088417369,81.32486049,59.26993013,2640.506024,83.15274309,62.70630096,11023.2453,5412413.44,1.263964793,108.5845214,53315,43.08077712,44,62,11.55775699,17,0.04505651,0.030622096,0.981523388,0.055161485,0.051937616,1.078060057,87.22520554,63.35833807,2640.506024,89.3979173,65.70768602,19550.70376,9599395.545,1.246929554,72.45621181,35576
95,lima,984,AM,10828103.83,4,272.341473,Upper Middle,3.576773984,21.60422509,22,54,12.08741629,19,1.496265539,0,39,3.110791217,2,1.053812847,59.89930568,46.00918575,5705.404364,60.82550517,46.07641955,19584.94239,19271583.31,1.42044353,251.0365854,247020,37.8886513,39,61,13.66961643,20,0.055520241,0.026400687,0.998838946,0.087102025,0.065619174,1.046847887,73.11949309,53.88125681,5705.403956,70.56974706,54.57282199,29609.30774,29135558.82,1.451569501,144.6199187,142306
75,belize_city,27,AM,76330.51281,2,3.944688,Upper Middle,3.328685495,21.85307909,21,38,10.21462318,19,1.405126602,1,10,1.75107308,2,1.064683615,77.91298697,60.02697338,1075.918657,65.87040033,60.59027125,10691.39321,288667.6167,1.328852766,108.5925926,2932,39.9868709,44,44,6.952048099,7,0.021551438,0.013006022,0.76307307,0.035231522,0.028983335,1.05986318,77.76520417,60.62037291,1075.918657,62.6400589,58.63589709,17960.88197,484943.8132,1.361779723,80.74074074,2180
98,washington,1301,AM,3471725.09,14,231.319836,High income,3.548679095,19.45274527,18,52,11.81901418,18,3.812850903,1,52,5.511393262,6,1.116925498,65.35085377,41.86133286,4374.603435,77.16842796,61.80620119,19462.59939,25320841.8,1.338463282,259.2467333,337280,35.34625928,36,66,12.7592074,18,0.041318684,0.025678495,0.994472579,0.059271797,0.055380553,1.099513889,71.92914205,49.20327726,3318.675102,78.9531176,65.65464014,30647.73029,39872697.1,1.349075412,144.746349,188315
99,montevideo,237,AM,1219221.866,14,75.049396,High income,3.521592421,20.52304328,18,51,11.92268623,18,9.260923382,8,61,7.381778343,9,1.02300839,90.76507918,82.24438112,2966.523805,80.03024401,73.68585407,13619.35758,3227787.746,1.548293931,97.5907173,23129,38.04896173,39,59,12.64291046,18,0.033206741,0.022261179,0.972055594,0.044292923,0.035285834,1.023173837,102.5915443,95.87419643,3119.508809,86.74064761,71.55939952,21963.248,5205289.775,1.560260586,73.86919831,17507
87,georgetown,41,AM,130680.0749,1,7.511206,High income,2.724814507,18.66735805,17,39,9.39588528,13,0.718434016,0,17,2.232541482,0,1.048075748,95.51768325,73.19131803,2977.34838,96.68876084,74.52820354,11778.96114,482937.4065,1.381643765,91.63414634,3757,36.57958288,40,44,7.900380032,8,0.014623997,0.00853183,0.37862364,0.022825372,0.019597554,1.050807942,97.53847135,73.76489032,1433.062176,94.68256909,76.88793323,20873.23287,855802.5476,1.375411636,70.58536585,2894
72,buenos_aires,2186,AM,14179912.05,14,672.908097,Upper Middle,3.17068287,19.26738657,17,61,12.41107194,18,9.450242987,2,271,17.37711278,12,1.023487276,89.89874722,85.96205463,4706.384543,65.55758096,68.86511731,16001.19564,34978613.66,1.579747234,117.7017383,257296,37.18529926,38,74,13.22916222,18,0.024138446,0.014802735,0.993757661,0.036274692,0.02401072,1.018963785,98.6734258,93.90459649,4706.383969,66.26055095,55.96989327,26406.78721,57725236.85,1.636790645,89.27538884,195156
77,brasilia,283,AM,1799120.619,3,64.612187,Upper Middle,3.402793272,17.28247374,17,43,8.958405584,13,1.137420147,0,27,2.017931962,2,1.083855932,72.33696759,48.43229705,6196.783698,82.65193355,59.88633062,18155.30083,5137950.134,1.398960551,187.254417,52993,34.2490055,36,50,8.901763593,9,0.034988961,0.02205549,0.994135711,0.050383928,0.047357994,1.071948396,76.54886494,51.16741876,6196.783698,86.2909371,61.05305825,29245.45328,8276463.278,1.389842736,145.6749117,41226
76,sucre,34,AM,292077.9239,12,7.678442,Lower Middle,3.565018504,17.1858931,16,47,13.48129752,20,0.568335589,0,7,0.996644609,1,1.067780142,78.89345649,64.87315948,1075.575469,64.49235829,62.12470419,19428.67386,660574.9112,1.519451962,169.9411765,5778,40.66986078,46,50,12.70388713,11,0.080292419,0.056693748,0.964007588,0.087342021,0.090866697,1.070078108,82.67225524,67.43908224,1453.645443,69.08305335,60.48740929,33494.42105,1138810.316,1.513831134,143.7058824,4886
85,san_salvador,264,AM,1615741.491,3,58.949483,Upper Middle,3.503538595,15.8794852,16,41,10.72506701,18,1.160034173,0,20,2.483621494,1,1.078637417,77.52827406,53.3695542,3298.726863,88.45126331,67.63822215,12679.39682,3347360.761,1.273686821,131.1515152,34624,31.85538535,32,53,13.47299939,22,0.052795344,0.034861369,0.965727109,0.067183023,0.061912515,1.073835362,79.35749303,55.23334089,3298.726863,88.47535763,67.80103176,22016.59418,5812380.862,1.26979008,90.3219697,23845
94,asuncion,383,AM,1175481.866,14,113.297107,Upper Middle,3.482560025,16.88406625,16,47,10.62655666,16,0.557252998,0,11,1.312796182,0,1.036506839,87.20118465,76.90233037,2607.13613,62.64049132,63.53070736,17452.30393,6684232.407,1.421600355,154.5770235,59203,34.48589707,34,59,11.71528331,16,0.028773125,0.021597946,0.935337919,0.034933224,0.032739156,1.030645504,88.91730202,77.55466967,1406.347825,59.90991303,61.82213363,31626.93247,12113115.14,1.45161351,115.4986945,44236
100,caracas,311,AM,2667322.485,3,67.404004,Upper Middle,3.570900403,16.84914794,15,52,13.67961095,25,2.067141564,0,24,3.671930712,3,1.178614667,102.5479463,68.23566889,2507.481333,118.7776046,89.56558729,10089.92655,3137967.156,1.277539455,78.34083601,24364,33.3789785,37,59,17.93647402,29,0.07729167,0.0497745,0.988406488,0.095504729,0.088909987,1.179830902,111.6282981,73.35958728,2507.481325,129.2724916,97.6913134,16510.22012,5134678.456,1.276122368,52.67202572,16381
74,bridgetown,82,AM,152912.0999,3,17.201544,High income,3.532656838,15.44857736,14,40,9.36903263,13,0.909158269,0,8,1.411712902,1,1.099285499,70.32492297,52.50377216,1504.509898,66.20707555,56.58674837,13478.37182,1105226.489,1.242071725,156.3658537,12822,32.56017336,32,45,9.373673691,16,0.031497296,0.020361411,0.905589848,0.045128024,0.043033254,1.086564898,71.32972539,53.90908608,1569.047032,63.30065757,57.23428749,24828.83356,2035964.352,1.218404148,110.1707317,9034
93,panama_city,277,AM,1612439.467,2,62.027093,High income,3.571709529,15.00706541,14,48,11.11230405,15,1.286624531,0,12,1.91866377,2,1.090614037,76.01927373,54.63844453,1941.020243,79.22950583,62.70399655,12722.11362,3524025.472,1.28683007,133.2274368,36904,28.5820228,27,58,14.62726701,21,0.043257607,0.02701652,0.996163531,0.05806883,0.058784802,1.076750894,81.42084517,58.03227044,3194.925353,85.32542028,64.57985238,21473.35171,5948118.423,1.277980157,88.62093863,24548
97,port_of_spain,154,AM,474069.7262,2,38.653551,High income,3.361995221,15.67833456,14,40,9.590053073,14,0.09411517,0,6,0.489156127,0,1.112478562,87.6209408,65.40500394,1833.982526,83.70610591,71.80233011,12573.03604,1936247.55,1.222707653,119.7207792,18437,33.62550185,34,48,8.620985829,9,0.045065644,0.023191715,0.970950592,0.067683703,0.053184897,1.098573783,89.05174231,66.66114011,1833.978223,83.28280562,73.427075,23469.76016,3614343.065,1.219367272,82.33766234,12680
90,kingston,118,AM,593374.8263,3,30.436688,Upper Middle,3.5511266,14.06816775,14,33,8.288780364,12,1.328071804,0,22,2.569567142,2,1.093516986,93.73629618,68.05286862,2922.483271,94.4689443,76.37162663,12945.14138,1527526.683,1.312209842,106.8898305,12613,31.32196631,33,46,10.04090398,15,0.032514648,0.021521686,0.728880081,0.043395889,0.037416027,1.086497456,96.94788664,71.02286441,2922.483271,96.00334643,78.13328923,23548.47735,2778720.327,1.294945878,77.48305085,9143
89,tegucigalpa,163,AM,1653508.639,3,37.859476,Lower Middle,3.571320735,13.74217145,13,40,9.028281344,14,0.360527549,0,16,1.112722232,0,1.091485468,70.51884894,49.95932285,2288.623384,70.87444329,57.07134197,15020.94746,2448414.435,1.318835357,163.4601227,26644,30.02346524,30,52,13.44863728,20,0.080253138,0.053880991,0.974052958,0.092816858,0.093486567,1.091426775,77.1746105,54.71405982,2288.624731,76.56672567,62.13510704,24831.28603,4047499.622,1.296346004,105.1595092,17141
86,guatemala_city,470,AM,2900618.853,12,102.045322,Upper Middle,3.511206494,14.40624786,13,44,11.36127532,19,0.82189769,0,19,1.757311728,1,1.094059622,69.02505769,48.25834196,2283.917441,77.2376172,55.90896015,12666.09809,5953066.1,1.289718215,145.5914894,68428,26.84644507,26,57,14.61540636,20,0.05470936,0.031263476,0.997027181,0.077324302,0.071149965,1.088765896,70.85619955,49.23230015,2509.762809,79.95711788,56.74673827,21660.7402,10180547.9,1.282378683,107.8085106,50670
88,port-au-prince,275,AM,1733377.8,3,70.35341,Lower Middle,3.551960592,13.1539672,12,41,8.880943406,13,0.171687915,0,9,0.7198297,0,1.065499589,78.06309304,58.23669141,1226.12654,69.81096082,66.54387389,14589.85016,4012208.793,1.243528634,153.3818182,42180,30.96435465,33,50,10.45567199,13,0.048806607,0.026251058,0.99545964,0.072793977,0.057154166,1.064506598,81.1674681,61.24801006,1622.732456,71.43030544,68.02844473,28045.86904,7712613.986,1.231658156,104.9345455,28857
83,santo_domingo,483,AM,4593163.695,2,117.567994,Upper Middle,3.479387749,13.16778645,12,43,10.21442047,17,0.259101167,0,12,0.939103575,0,1.067202853,76.24646643,55.70937071,4227.210333,72.67099961,59.2552774,16199.4537,7824336.138,1.372003353,157.7349896,76186,29.4238561,28,59,13.33673466,20,0.032371652,0.021526519,0.976642956,0.042225275,0.044441487,1.060991829,75.70186777,55.50277781,4227.210333,70.40418428,58.46870927,29916.65717,14449745.41,1.369920567,125.4575569,60596
96,paramaribo,102,AM,253625.5111,1,26.380194,Upper Middle,3.086986117,14.58121847,12,42,10.90796953,18,0.185797439,0,19,1.153866841,0,1.056953731,90.45649761,65.6872597,1077.86224,81.98700528,71.55710858,14236.25643,1452098.156,1.295071789,123.5392157,12601,32.64684419,34,49,13.12966305,23,0.025473651,0.01562591,0.894851588,0.038127392,0.034306312,1.048999661,91.32515766,66.17949688,1077.86224,82.2715983,72.73239595,27530.95365,2808157.273,1.298579303,94.48039216,9637
73,nassau,110,AM,261235.2051,3,18.273204,High income,3.493470823,11.90697003,11,31,7.362983057,11,0.20368364,0,5,0.572362898,0,1.093245861,79.87800441,57.69470658,2052.274186,82.79235329,67.59391664,11877.13309,1306484.64,1.249981943,118.8636364,13075,29.2441198,28,46,9.130520791,15,0.022481409,0.012428074,0.736551159,0.035515152,0.030336007,1.080092284,80.02270453,58.73671282,2052.274186,81.95574802,68.50503879,22367.80087,2460458.096,1.245653762,88.47272727,9732
91,mexico_city,2134,AM,17639163.99,12,633.062299,Upper Middle,3.466837255,13.27666055,11,52,10.39763983,15,0.51267061,0,57,1.748341395,0,1.054390159,73.34641335,51.30097069,4347.122246,77.08218227,60.42353123,18958.39807,40457221.49,1.367535579,191.5571696,408783,30.08941097,29,64,12.5065554,17,0.04680936,0.024572553,0.998182057,0.069899982,0.059343975,1.048696321,76.51326733,53.18342364,9087.596373,80.31104378,61.77436232,32501.86072,69358970.78,1.356300017,143.5538894,306344
6,male,13,CA,229283.1943,2,0.192276,Upper Middle,3.232669248,33.04562738,40,45,14.44268237,11,5.77661597,6,16,3.726957693,5,1.041395834,59.11974939,49.49723634,1530.953447,78.20352004,36.33183791,6421.314318,83477.08613,1.44391635,78.76923077,1024,39.23068433,45,46,13.2835766,0,0.025230201,0.015481786,0.73553786,0.039370816,0.034265521,1.039689943,64.42070049,52.14510642,1896.943133,96.45771887,35.4269508,9454.976656,122914.6965,1.514348786,64.23076923,835
12,tashkent,598,CA,3874652.58,8,177.346711,Lower Middle,3.558380763,22.60558089,25,45,11.68935427,19,2.058003148,1,17,2.494190389,3,1.064953757,84.48398561,58.11431877,2980.770869,94.97435284,77.85867488,14595.52682,8728125.037,1.333417579,135.2541806,80882,38.04457568,41,59,13.56446339,18,0.023562976,0.015045953,0.997956252,0.033656355,0.031719931,1.067343953,98.29375167,72.03000264,2400.915036,98.84927387,82.26582964,24836.75997,14852382.46,1.325413223,83.91471572,50181
3,tehran,825,CA,9363123.748,7,238.873636,Lower Middle,3.499049489,22.83989597,24,49,9.520765432,13,2.078227186,1,17,2.378269796,3,1.055235811,72.45228594,44.7767579,4523.84169,97.21932114,56.43541562,19058.37622,15723160.38,1.288065956,206.2969697,170195,38.04350248,41,59,11.23185175,13,0.032427398,0.020982834,0.994792906,0.045084328,0.045501213,1.05329889,74.1151485,46.56407567,7751.456228,98.16859091,59.0344772,27787.70066,22924853.04,1.255779652,133.6969697,110300
7,kathmandu,350,CA,3862696.52,11,71.047576,Lower Middle,3.559282148,22.63360108,23,57,13.47496553,23,0.861109551,0,13,1.516272651,1,1.104648081,79.75395818,56.91419257,3010.870685,83.07689981,65.17253483,14379.63866,5032873.531,1.241288921,146.4628571,51262,46.07403247,48,71,15.42118208,23,0.053230595,0.032366599,0.990597928,0.071021054,0.059991658,1.101587928,81.53159355,58.54554022,3010.870685,84.26190589,66.6087665,27738.21286,9708374.502,1.236048711,103.34,36169
5,bishkek,198,CA,1428079.244,7,66.154996,Lower Middle,3.058712191,22.86414473,22,52,14.16109598,25,1.860077832,1,12,2.200121514,3,1.048047088,94.35708857,63.43690029,1975.899405,101.0880994,86.34895622,16740.75841,3314670.164,1.349542474,132.2121212,26178,39.92962028,40,65,14.91893402,22,0.021187664,0.015118725,0.960711455,0.026945741,0.029808519,1.048028807,110.2662731,76.34171138,1975.899405,107.9879352,90.97538418,29711.74849,5882926.2,1.320753835,80.22727273,15885
4,astana,163,CA,1128139.722,7,36.325769,Upper Middle,3.487039371,18.86436178,19,39,9.585696885,16,1.721517141,1,16,1.960818843,3,1.093933392,75.39350739,50.76823204,2788.318,81.87257934,75.6430064,19188.34144,3127699.654,1.414266958,197.8466258,32249,34.11159013,37,50,12.10365957,19,0.022939349,0.013664666,0.858252039,0.033891106,0.030996941,1.103529144,89.92167557,67.38687739,2146.308663,86.44295995,79.29314595,28723.07951,4681861.96,1.372753676,109.9079755,17915
11,ashgabat,123,CA,1078866.812,5,29.347863,Upper Middle,3.436190835,14.76246604,15,36,7.047506086,10,2.226628479,2,12,1.954570034,2,1.076115783,75.04041846,48.09107605,1640.831062,89.37275685,66.12000945,19635.57616,2415175.868,1.395057649,193.8780488,23847,32.31663654,36,49,11.6272723,16,0.024752942,0.015579972,0.783787883,0.035970699,0.033441699,1.077279995,85.20907796,60.33657461,2207.710512,90.05140321,69.0687499,29517.67157,3630673.603,1.398215639,117.0081301,14392
10,dushanbe,183,CA,1471811.592,8,45.761071,Lower Middle,3.438655544,13.76031566,13,41,10.968288,21,0.590984114,0,12,1.289938689,1,1.077858315,101.5821898,71.07039158,2305.283937,101.2965591,89.1855863,13384.42492,2449349.76,1.309160305,103.7103825,18979,30.63274648,35,53,14.49093477,22,0.028512156,0.017130109,0.849632735,0.0412651,0.032617791,1.077095171,108.7494568,77.70132824,2281.456239,103.7621519,92.41368668,23824.45066,4359874.471,1.280985915,69.76502732,12767
8,islamabad,550,CA,4913527.805,11,131.133946,Lower Middle,3.476940243,8.592232749,7,29,7.105392205,12,0.247423647,0,14,0.829130982,0,1.06388327,84.90692058,57.93914073,4129.764169,95.3151405,67.22856891,14512.13649,7981675.07,1.32035218,132.9018182,73096,21.35820958,22,43,10.15914901,16,0.034947462,0.024198343,0.994213047,0.045064644,0.042795251,1.05648211,83.42544923,58.22316761,4129.764169,89.43926995,65.87192476,25670.61746,14118839.6,1.313560384,99.81272727,54897
9,colombo_sri_jayawardenepura_kotte,1206,CA,4720932.972,1,214.103476,Lower Middle,3.548600108,9.80218573,7,44,8.925563416,11,0.435507699,0,15,1.273740621,0,1.094102535,98.52768469,71.90880409,2062.696236,92.09319365,82.52632683,9644.275392,11630996.12,1.158105574,86.21144279,103971,26.01022132,24,60,12.39115409,14,0.034321739,0.023758126,0.984818343,0.042181155,0.040823326,1.088426333,98.88331549,72.50344869,2451.026822,91.23044391,82.29456532,18656.39549,22499612.96,1.155820235,55.03897181,66377
13,new_delhi,2139,CA,31422507.92,6,528.793714,Lower Middle,3.437567717,8.060593692,6,45,8.026511014,11,0.668409311,0,39,1.833936655,0,1.050378828,74.53854671,50.25868216,6155.034344,90.63472149,62.97728392,16350.00757,34972666.19,1.386335807,164.2169238,351260,22.26913498,22,58,13.32257233,20,0.034069508,0.021919609,0.995710121,0.047199915,0.046085373,1.04606536,72.53406581,50.08564908,6155.034344,83.49228577,61.31878384,29441.54001,62975454.09,1.387697806,132.6830295,283809
1,kabul,371,CA,6254679.472,7,61.099977,Low income,3.507044818,5.295914818,4,27,5.134499833,5,0.313892828,0,8,0.874415804,0,1.046886735,100.6571435,67.4046202,3155.775396,105.4429134,83.67618378,12992.36828,4820168.633,1.328526713,99.35309973,36860,17.14677641,17,38,8.706011902,13,0.037394849,0.018442713,0.997811144,0.060795812,0.042446249,1.046554884,100.9363364,68.48531801,3155.775396,103.1005933,83.87212453,24404.01197,9053888.441,1.322139918,75.53638814,28024
2,dhaka,6611,CA,37307159.73,3,391.210924,Lower Middle,3.452794828,10.04939366,4,46,12.14163913,18,0.425929656,0,18,1.296774186,0,1.093586218,188.0106659,96.93033766,9549.054958,283.8196846,163.1712369,3424.234191,22637612.24,1.253525241,14.69581001,97154,21.28389274,15,62,19.76432225,39,0.018614629,0.009710952,0.948891739,0.030307474,0.024688211,1.094430728,191.4843596,98.90615976,9549.054958,287.662421,166.6826174,6613.118441,43719326.02,1.252933815,10.66918772,70534
29,tokyo,5165,EA,33155906.87,14,1455.991374,High income,3.574213863,26.96502852,27,62,10.53580259,14,4.863881285,4,79,5.454768484,7,1.055935112,59.28884153,43.35146281,4051.037992,58.61092328,46.73466147,22786.77375,117693686.4,1.355709353,307.703001,1589286,43.93067393,45,77,9.745664609,10,0.037194489,0.022764563,5.845827052,0.062790222,0.048485418,1.054511868,62.01795745,45.99593932,6103.003287,59.95927762,47.53268291,40510.74218,209237983.4,1.369667281,216.7821878,1119680
24,singapore,438,EA,5117758.838,1,91.682037,High income,3.571341721,25.16173325,26,59,11.96391001,14,5.553497314,5,26,3.856757613,5,1.142635292,60.72787881,35.45279748,4719.045717,79.16594876,53.87074536,19427.51394,8509251.107,1.305566165,300.2283105,131500,43.14107656,46,74,15.89258377,14,0.056657954,0.0264649,0.997660452,0.094735898,0.069188601,1.142686584,77.51752844,48.74766003,4730.94037,101.7944868,66.37961746,23383.74649,10242080.96,1.31875669,124.5022831,54532
27,seoul,2282,EA,22261691.61,21,468.286711,High income,3.561076514,23.0327256,24,49,10.03071215,13,7.266601257,6,84,6.327381726,9,1.085709574,77.40499528,48.32661023,5668.213154,110.7772493,62.21635413,16816.08258,38374300.46,1.39618222,161.8900088,369433,40.05457921,41,61,10.11645174,12,0.04881826,0.02854909,0.999690058,0.06840373,0.064074747,1.081333043,83.40330195,53.78911777,5668.213154,111.9341212,64.79206957,27264.43707,62217445.4,1.405587059,107.1739702,244571
17,dili,46,EA,381794.1787,3,8.869769,Lower Middle,3.488565889,16.92267135,17,38,8.791765087,9.75,0.042472173,0,1,0.201663799,0,1.093624784,101.2491688,70.9976096,1954.721844,110.080655,85.25000285,9015.578157,414716.5952,1.249560633,72.82608696,3350,33.10193587,34,44,8.964685836,14,0.032477116,0.018194804,0.827253764,0.053298874,0.038560072,1.092305818,102.0154463,71.98474933,2069.862016,111.7602755,85.82352907,16781.54092,771950.8822,1.250453721,51.43478261,2366
23,manila,2555,EA,25921189.32,2,428.382197,Lower Middle,3.555380485,18.47763057,17,56,12.89244087,21,1.362815028,0,49,3.310552397,1,1.084827192,72.23227702,47.12031815,3313.005107,81.69661785,60.98623912,11072.11964,28289265.67,1.309956969,117.5412916,300318,37.20847699,39,68,15.23269252,20,0.033465541,0.020103077,0.996837028,0.050917993,0.04393262,1.076627551,74.48874494,49.12190098,3313.004592,82.36748909,63.7176324,20097.5007,51349114.28,1.296148629,88.61056751,226400
18,vientiane,76,EA,166270.5857,3,19.646501,Lower Middle,3.49078543,17.99629237,16,44,11.09755408,17,0.851871469,0,38,2.884601388,0,1.067736495,81.1341822,63.08455507,817.3085799,67.85293635,63.59591412,13852.59406,1052797.148,1.195709746,146.3947368,11126,39.12254106,44,59,14.66085836,25,0.023231795,0.016226985,0.829983401,0.033428515,0.032482537,1.062219554,81.93587179,64.04924836,817.3085799,67.80387003,64.00142447,26179.58914,1989648.775,1.193737592,96.72368421,7351
14,bandar_seri_begawan,37,EA,77223.5136,1,5.640304,High income,3.512523528,12.55031503,12,36,8.986305082,14,0.938973897,0,10,1.711732803,1,1.17280405,76.27806762,53.57757359,2173.761371,82.78782001,66.07201083,13818.69966,511291.8873,1.294149415,145.7297297,5392,33.50009954,41,49,14.65610669,19,0.03772045,0.022801684,0.762924531,0.053647275,0.052047769,1.144601927,76.02173336,54.73105273,1276.150089,76.17947359,65.05747235,21025.14588,777930.3974,1.284889508,102.1621622,3780
19,kuala_lumpur,1340,EA,8413205.796,1,307.707645,Upper Middle,3.468123334,13.85758602,12,50,10.19869135,13,2.648907856,1,58,4.314588645,4,1.142398341,73.44738404,50.9152421,4328.98356,84.4893846,60.55774904,19011.03319,25474784.47,1.346440717,197.8932836,265177,28.02060379,28,64,11.80912137,15,0.050013938,0.028599372,0.99827291,0.076578922,0.063250857,1.118703667,73.23789915,52.84966648,4328.983681,80.18255947,59.83922248,31421.46356,42104761.17,1.344207878,153.9156716,206247
20,ulaanbaatar,235,EA,1634096.557,7,59.966556,Lower Middle,3.444404321,15.47300222,11,50,13.0811695,21,1.08426983,0,9,1.546056032,2,1.089970866,90.65081746,59.38155678,1734.873501,96.33563506,81.11714963,15244.76726,3582520.306,1.261882876,137.787234,32380,31.83565647,30,56,16.15358588,28,0.043381387,0.026550949,0.964787443,0.05580125,0.05658306,1.084845684,92.8427274,61.10832991,1734.874183,97.17588274,80.98529703,28685.24216,6741031.908,1.25883222,96.0212766,22565
26,hanoi,925,EA,4965520,11,161.863932,Lower Middle,3.579523569,14.57063033,11,49,12.39633505,18,1.894797201,1,29,2.536722589,3,1.069920458,72.17751027,48.41803825,3804.211118,84.40675317,58.38132483,14807.93801,13697342.66,1.291421391,168.0151351,155414,28.9573379,27,59,16.34210698,26,0.025859177,0.016670864,0.999892266,0.037869697,0.035392155,1.058841583,75.48335413,52.21910555,3805.059072,81.79528004,58.22631662,26509.01954,24520843.07,1.274443546,109.9827027,101734
16,beijing,2179,EA,18150575.83,7,556.610117,Upper Middle,3.251845875,11.75146053,10,42,8.884404687,14,7.103094799,4,57,8.283317452,12,1.073758022,131.6576046,75.63298889,5059.114507,170.1553191,139.540324,10581.73073,23057591.26,1.426662323,60.40523176,131623,25.18113013,25,52,13.69802331,24,0.026093083,0.011727568,0.992441397,0.046131565,0.0311131,1.074246208,151.0051269,95.38732887,5059.113714,179.7701644,153.4466314,15419.22429,33598489.72,1.459065096,38.3304268,83522
15,phnom_penh,354,EA,2419130.754,3,72.078241,Lower Middle,3.282321034,11.84322025,9,50,10.44686236,12,0.718843179,0,19,1.819802303,0,1.060711052,78.70854115,55.7875593,2932.639726,78.66499824,64.16811978,13251.4945,4691029.053,1.296920286,130.1723164,46081,27.69931268,25,62,15.09159589,22,0.023644302,0.014867911,0.881724653,0.035623939,0.032358051,1.054959481,79.27168766,56.56062056,2932.64125,78.48457429,64.64362752,24518.24034,8679457.082,1.282971567,97.74858757,34603
21,pyinmana_nay_pyi_taw,89,EA,556726.2982,3,8.160433,Lower Middle,3.424549014,6.848251524,5,24,5.953332116,8,0.181424447,0,10,0.835893624,0,1.059694623,109.6037317,79.03418983,1393.861733,103.4236511,84.68322719,10722.69317,954319.6923,1.41626564,69.42696629,6179,18.96000635,21,29,7.713052537,12,0.023679764,0.016489176,0.98312776,0.033674082,0.028561055,1.058272808,108.3982959,78.01193518,1393.861733,101.7658579,83.805912,20733.30553,1845264.192,1.413267735,57.97752809,5160
28,jakarta,4614,EA,40545125.86,1,972.122411,Upper Middle,3.47463932,7.648072517,5,41,7.513890715,11,0.906619424,0,38,2.830994535,0,1.088220992,66.54651283,47.0484803,3457.031833,67.20156466,52.82445282,13857.7416,63939619.74,1.274798112,166.1612484,766668,19.96040884,20,51,11.22837121,17,0.030059648,0.019559563,0.998415731,0.044086041,0.0402229,1.082651617,65.74249028,46.70415009,3606.207856,66.08228439,52.26680832,26155.59419,120681911.6,1.265011316,128.4042046,592457
22,p_yongyang,228,EA,2868313.037,21,44.749652,Low income,3.569967358,4.685480338,3,20,4.425723609,6,0.837348789,0,12,1.665794769,1,1.099544112,92.08271394,59.19813524,4613.188407,112.0276834,83.32056673,12895.61867,2940201.056,1.215385652,117.1315789,26706,15.14792608,14,35,9.274166006,17,0.035690919,0.023129226,0.874235084,0.046413836,0.043767403,1.098114571,100.4637984,69.49270221,4613.188407,110.74451,85.94179914,21889.65164,4990840.575,1.16739004,63.1622807,14401
25,bangkok,2697,EA,19048031.94,3,638.377411,Upper Middle,3.481640453,6.354806927,3,55,8.435751686,8,0.857441446,0,27,2.05752439,0,1.083861817,73.32467518,46.82415568,5451.322829,92.07954908,52.82949853,16674.71626,44971709.75,1.160093458,202.1494253,545197,16.99595466,14,66,12.9990385,17,0.029675177,0.019504674,0.999474289,0.043109209,0.040811615,1.073956528,72.40580917,46.77917298,5266.863739,86.23823886,52.27404687,30554.74138,82406137.5,1.152164769,125.2576937,337820
58,warsaw,415,EU,1999985.522,26,85.959945,High income,3.558850236,36.84858042,39,66,12.57988355,15,11.23950823,10,78,8.96845298,12,1.047408067,43.06921403,26.71202411,1426.445755,50.94310505,32.75957249,24389.62889,10121695.99,1.318196108,569.7975904,236466,51.49574561,52,81,14.06448066,15,0.025529688,0,0.991128423,0.052418095,0.031525395,1.052152558,60.68532771,37.97910258,2183.761283,72.50132182,54.60408514,29496.57878,12241080.19,1.178149463,197.1831325,81831
33,brussels,235,EU,1468753.608,15,57.332702,High income,3.577085274,36.95117528,38,66,13.05410857,18,11.42356781,10,56,8.878773047,13,1.059749252,58.65121267,36.30716109,1727.265868,66.60395121,56.29791624,21130.65924,4965704.921,1.310486866,353.7574468,83133,52.82939644,54,81,16.87527321,17,0.038374086,0.020803818,0.994808746,0.063177529,0.05083137,1.060837771,71.78345704,48.25811097,1766.030273,77.229812,69.86082145,27625.63435,6492024.071,1.341684759,155.8468085,36624
64,bratislava,84,EU,310203.9225,15,18.606148,High income,3.562446862,38.01261622,38,70,13.81451061,16,8.902340494,8,54,6.493414251,8,1.06867055,43.87868216,27.50151575,1611.715935,51.65677446,33.3598156,28538.38146,2397224.042,1.288441808,641.7738095,53909,56.81430133,60,76,16.87893829,24,0.035688535,0.017652592,0.970407533,0.057328609,0.047904431,1.066655748,62.60849457,41.46927081,1611.714384,70.05915707,53.89023835,32762.1308,2752018.987,1.209053138,185.3095238,15566
36,zagreb,151,EU,643961.8886,14,30.247516,High income,3.488178338,34.56340067,37,60,13.28986761,16,4.53987402,4,65,5.146062096,4,1.062036824,54.47710183,35.27458446,1709.195201,62.05826832,45.70104229,22390.44963,3380957.894,1.266526689,371.9205298,56160,48.90231976,52,68,13.42563805,17,0.034376973,0.018514661,0.982008007,0.055683337,0.045577775,1.070075773,68.98383841,46.38854496,1709.194086,76.64241811,59.44987773,31925.81178,4820797.579,1.212387577,158.8410596,23985
35,sofia,201,EU,1068056.502,25,41.20008,Upper Middle,3.564207938,34.74095299,36,62,13.39798619,16,5.477313093,5,82,5.176584177,6,1.065164585,56.56402549,39.58126609,1410.67191,56.13981995,50.2783948,21165.0764,4254180.357,1.336473886,299.119403,60123,51.70638489,52,70,11.67020849,16,0.033749748,0.020532951,0.89738445,0.048092279,0.045503258,1.072804311,75.14044624,56.72356685,2582.843901,71.21725577,65.21810995,32608.33684,6554275.704,1.307304157,149.4228856,30034
41,paris,1421,EU,9328384.716,15,358.748204,High income,3.581336095,35.67726359,35,76,15.38690254,20,12.73622649,10,127,11.40068478,14,1.061296723,59.98320483,39.19422728,2690.955046,66.82971314,54.93767625,21447.73149,30477226.44,1.33019542,319.627727,454191,50.71238194,51,89,12.79094054,10,0.032685349,0.016260234,0.999855181,0.054971042,0.043130855,1.061100555,72.73185227,50.1512914,3172.160296,77.89711234,67.17535195,29678.43449,42173055.42,1.347669953,161.52076,229521
66,madrid,680,EU,5680136.544,7,137.546048,High income,3.568702936,33.21448323,35,72,13.90037087,17,13.36222842,11,127,12.27893183,14,1.082435049,58.27785599,36.48928586,3476.577411,71.93070055,52.02774188,22929.67955,15592182.09,1.389935946,341.3764706,232136,48.86089914,51,87,15.48283376,12,0.043684526,0.025875681,0.998747217,0.065882292,0.057929514,1.074062294,75.96353595,48.78961756,3476.577434,92.37234076,67.42398618,28154.65578,19145165.93,1.414380114,153.5514706,104415
52,chisinau,101,EU,450580.9625,25,23.535976,Upper Middle,3.54538321,32.45414365,35,52,11.05921833,12,4.683877449,4,23,4.164325089,8,1.078839377,57.77197884,37.64694362,1118.974227,61.24029936,52.26905616,22877.70362,2310648.066,1.296132597,350.9306931,35444,48.59258778,50,59,9.484574963,10,0.04508075,0.029160371,0.996796237,0.060891916,0.061921899,1.09077513,71.81110408,52.06920729,1118.974227,67.86235054,61.94375846,36807.81235,3717589.047,1.266449935,166.4158416,16808
61,moscow,1545,EU,14384081.55,26,288.82124,Upper Middle,3.574404357,33.67195174,35,62,12.09054675,14,8.818467154,8,63,6.973100753,9,1.07003893,54.20489817,34.13389987,3626.332741,64.25996302,45.19223631,22978.94741,35502473.75,1.379331022,344.6355987,532462,48.74948355,50,76,13.26460913,12,0.031851976,0.019380024,0.99674378,0.046530247,0.043669969,1.105308266,76.74915335,51.77628277,3985.20319,83.80484077,67.68674029,30338.56775,46873087.18,1.287011015,132.6912621,205008
42,berlin,681,EU,3549996.965,15,149.406188,High income,3.571966632,33.80666813,34,62,12.60598919,17,8.344242465,7,88,7.361661406,9,1.041768554,51.6094496,33.27276405,1884.807694,55.03910963,45.33734298,24407.63199,16621597.38,1.295221699,410.4963289,279548,50.94411078,48,79,13.14858053,17,0.031548897,0.011662339,0.999230138,0.057271545,0.040528635,1.051371244,64.65086131,42.21703691,2550.799595,71.44032807,60.174485,27437.50276,18684939.38,1.186609387,157.0851689,106975
68,bern,54,EU,193473.7685,15,9.097577,High income,3.566949857,33.97874636,34,60,12.65511699,16,6.919138083,6,80,7.7128327,6,1.055651964,51.66044609,35.14948803,1495.962401,53.73257389,42.37754879,25353.79893,1369105.142,1.238629304,442.2962963,23884,52.68537378,58,65,12.37411728,19,0.049268352,0.028763351,0.985437063,0.072841495,0.064510478,1.059050144,67.02401757,46.41891816,1495.960158,67.62276009,55.53776754,36163.18104,1952811.776,1.235608523,184.2222222,9948
69,kyiv,410,EU,2575199.121,26,83.978698,Lower Middle,3.567670518,32.34941446,34,59,10.99588487,11,6.528057572,6,40,5.787367684,8,1.071019768,56.07983555,35.89249922,2774.672842,64.69942129,47.7186081,24007.7776,9843188.815,1.385934638,344.5536585,141267,47.51255214,49,70,12.38284309,12,0.032343632,0.018648172,0.993940824,0.048298575,0.04360484,1.088219123,76.70003191,53.39932992,2805.569218,81.19602176,66.02434178,32846.8822,13467221.7,1.280062441,139.7121951,57282
32,minsk,245,EU,2093511.951,26,53.75673,Upper Middle,3.570101027,33.21826361,34,59,9.373317318,11,6.74606614,6,56,4.93138621,6,1.071830059,45.19379258,28.75587458,2943.843683,50.45801265,36.44978636,32296.22203,7912574.398,1.396138775,606.077551,148489,48.66183669,52,65,12.04865884,11,0.033233861,0.017093686,0.984115634,0.054057834,0.045696123,1.083719061,58.56101442,38.97141539,2943.843665,61.58118528,52.38079714,49194.83748,12052735.18,1.338456362,282.4163265,69192
31,vienna,325,EU,2056564.784,15,77.679108,High income,3.523059584,32.83021202,33,64,14.04835753,20,8.92702044,8,68,7.138968129,9,1.056372778,54.82384817,34.69450612,1655.241515,62.55083291,48.19107872,22376.56449,7272383.46,1.341244575,364.7507692,118544,51.78606774,51,83,15.80523379,19,0.038470792,0.019876294,0.982355869,0.062054859,0.050529584,1.050920025,77.28494289,54.10098558,1655.241562,82.59381852,72.65367309,27167.44092,8829418.301,1.350369762,133.0953846,43256
37,prague,263,EU,1201277.711,26,53.089616,High income,3.511243891,32.73062277,33,65,12.04903527,14,4.939536196,4,40,4.327224459,5,1.072827271,52.57111709,33.0266524,2317.953461,61.34010897,45.94294084,26281.36085,6911997.903,1.306442622,451.9505703,118863,50.09784907,50,79,14.7317704,14,0.045422057,0.026576066,0.997581049,0.067309116,0.059706011,1.068528977,72.86460603,49.98704849,2945.096574,78.59844551,66.80732871,31709.40211,8339572.754,1.276759023,152.7528517,40174
44,budapest,368,EU,1743875.314,25,87.705427,High income,3.526906746,31.40144183,33,73,13.66639347,17,6.758289475,5,57,6.495689336,7,1.043249649,65.37162635,41.5780202,1515.633096,70.42543103,63.32683125,18342.0704,6749881.907,1.367561968,228.6358696,84138,50.53415812,49,90,15.33212497,14,0.034344858,0.017469589,0.98596496,0.055984452,0.044165012,1.0446012,85.44563556,62.69872528,1625.974504,85.32124524,79.15648932,28608.03467,10527756.76,1.383974695,117.7826087,43344
60,bucharest,260,EU,1971350.247,25,69.868657,High income,3.569485295,29.19567444,33,57,12.69184396,18,8.216790034,7,45,6.924966896,10,1.064995119,66.00873055,44.25352802,2617.907687,70.44119293,55.06160603,18899.0612,4913755.911,1.372348159,217.1653846,56463,47.11397603,50,66,13.65027624,16,0.023050704,0.013226572,0.982313287,0.036630871,0.031713145,1.068850384,75.0020722,51.98397693,2617.906944,77.04642168,61.77887051,28599.73248,7435930.445,1.360603987,141.1576923,36701
65,ljubljana,65,EU,252735.8561,14,13.281124,High income,3.561529421,32.38616053,33,55,11.80314157,15,3.935201837,3,45,4.099582979,4,1.059543,47.59493071,31.19845786,1174.687892,51.11132042,38.11379299,24969.03288,1622987.137,1.274714329,468.6615385,30463,53.30348565,58,66,12.98308916,15,0.03725939,0.014147201,0.935759846,0.068338495,0.046806413,1.067774004,57.12373555,36.99758684,1433.997091,61.7899864,49.22276642,37464.38226,2435184.847,1.186394055,249.0307692,16187
30,tirana,115,EU,995788.7711,8,23.655317,Upper Middle,3.509910959,31.23104775,33,58,14.8688633,23,5.851290093,4,29,5.744015024,10,1.062486509,55.56109838,37.32814771,2228.579348,59.31943446,42.380319,16932.12395,1947194.254,1.210947969,259.7391304,29870,48.33933089,53,63,13.79768745,19,0.044078603,0.024820178,0.997565357,0.068373512,0.057942856,1.062044862,64.1502619,44.46810225,1345.806642,64.16600047,51.44635616,29882.86548,3436529.53,1.160544412,156.4695652,17994
34,sarajevo,61,EU,235739.1356,15,13.422257,Upper Middle,3.564033316,29.28147022,33,50,14.37993246,22,4.381718944,2,32,5.278835566,7,1.091348682,70.31111553,48.92347009,944.149586,70.19155296,62.64303439,17684.97452,1078783.446,1.258877988,212.1803279,12943,43.75067352,46,53,10.95070392,8,0.056320213,0.031481329,0.990416079,0.075908772,0.076638774,1.095069334,74.54289776,53.49134651,944.1470483,72.02138122,63.93997677,31629.40693,1929393.823,1.217976978,137.704918,8400
63,belgrade,191,EU,1200546.585,14,40.176897,Upper Middle,3.570800064,31.75173333,33,61,14.05631465,17,6.043626667,5,37,5.072023379,6,1.054580701,63.24709063,42.27784799,1973.357609,68.30379205,56.3718056,18882.07122,3606475.602,1.299324444,247.4554974,47264,48.74811695,50,67,13.8507379,19,0.044851016,0.027756248,0.99630851,0.060373924,0.062839796,1.05689277,79.29875959,55.93765973,1973.355766,82.86517144,69.81220667,28665.87883,5475182.856,1.267931257,122.026178,23307
43,athens,412,EU,3166757.394,8,115.204997,High income,3.542136558,31.53028874,32,66,12.46425964,16,13.16478398,12,64,9.405297254,13,1.033761392,61.1183736,49.34851558,2219.642975,51.60685582,47.8953418,23658.29937,9747219.34,1.518253139,269.9514563,111220,51.06652876,52,75,11.30216735,12,0.055261496,0.036288607,0.997904289,0.070240603,0.062218243,1.035437306,66.04279416,52.89816958,2219.641756,56.30745304,48.5694767,33495.0778,13799972.05,1.536356798,207.9271845,85666
39,tallinn,121,EU,449860.9731,26,19.237233,High income,3.568683555,30.09159329,31,60,11.76813857,12,8.899484964,8,92,8.354070555,8,1.063849799,46.85479378,31.59544276,1391.336746,48.66693422,38.77984138,22849.26295,2764760.817,1.326748629,426.214876,51572,50.01212302,52,62,11.06417989,16,0.027256857,0.010162803,0.977344017,0.051271561,0.035674928,1.066357833,58.17005551,39.60366995,1622.47619,61.68390226,50.52281881,35835.63866,4336112.278,1.30451291,225.3884298,27272
47,rome,467,EU,2476089.431,8,90.524515,High income,3.579732015,30.02412021,31,61,15.15150458,25,8.537874244,7,75,7.468340788,9,1.097374332,67.13189778,43.0636186,2705.33007,82.85620389,61.85641955,16070.11132,7504741.985,1.302831856,212.1456103,99072,44.43021992,46,74,16.7992941,23,0.044910409,0.026313104,0.990641728,0.067123853,0.05916215,1.093155892,79.74491203,53.35071151,2705.328156,94.60438327,70.6087049,23149.76013,10810937.98,1.336817384,116.5781585,54442
49,vilnius,89,EU,339420.3462,26,17.563325,High income,3.541012684,29.91172082,31,55,10.29535311,11,3.6799024,3,36,3.396372385,4,1.060485836,43.43634837,30.07117704,2327.796784,45.9223849,32.78579279,31123.85178,2770022.808,1.364386399,568.5168539,50598,46.71496003,48,66,15.69915103,20,0.03791289,0.022507508,0.951102301,0.056172207,0.052635062,1.078598758,55.87732594,38.89523379,2327.795806,59.86267485,46.20580726,44301.92978,3942871.75,1.196182553,252,22428
50,luxembourg,40,EU,161302.506,15,8.844863,High income,3.543424359,32.44327009,31,56,12.27799403,19,12.13504393,10,46,8.845082692,13,1.081599596,58.4917269,38.02509893,919.6727286,63.03717587,53.26985425,22272.18731,890887.4924,1.311345982,324.1,12964,49.00354653,53,63,13.76818906,19,0.04291404,0.022288659,0.991798274,0.072800189,0.053718346,1.06993072,73.34723029,50.26740481,1012.152147,76.56746631,66.15754441,30831.50825,1233260.33,1.291549468,157.9,6316
48,riga,147,EU,516896.7559,26,27.230159,High income,3.575579734,29.50038235,30,59,10.60616495,10,4.457672773,4,49,4.517723383,4,1.063766653,44.25680414,28.55204661,1596.76457,47.23152567,35.34500823,24987.3314,3673137.716,1.341790789,522.4489796,76800,46.91324031,47,67,13.49504327,17,0.02470051,0.011128243,0.926879951,0.042594127,0.034516942,1.079395508,57.00510799,39.37918179,2420.532415,59.4627967,48.13931982,34459.39388,5065530.901,1.242263135,205.7823129,30250
59,lisbon,426,EU,1974573.68,9,72.878923,High income,3.57406266,29.76683571,30,63,13.25127598,19,13.74457279,11,100,12.17682554,14,1.107111797,58.1978713,38.0064004,2811.611803,68.89687871,49.808377,19683.72228,8385265.692,1.369427536,266.0352113,113331,46.40099836,47,73,11.36409182,12,0.058421094,0.036113389,0.999948812,0.080394543,0.078566565,1.10360944,70.92241627,47.92361781,3544.464575,80.15423097,61.1766004,29020.42053,12362699.15,1.353276456,158.9929577,67731
62,edinburgh,130,EU,530165.3007,15,26.559961,High income,3.534344112,29.88464907,28,60,12.59390506,15,6.895074857,6,77,6.561364473,7,1.071956184,51.73517281,35.7590056,1771.35737,53.86074382,42.34418625,19678.46788,2558200.825,1.267734267,314.2769231,40856,51.73116729,50,75,14.870137,25,0.031415494,0.017163684,0.999221587,0.053200691,0.042067643,1.071032249,63.154084,43.74213995,1771.352273,65.65715094,53.47022198,30853.68484,4010979.029,1.197731424,163.2538462,21223
53,podgorica,31,EU,152731.3553,14,6.372008,Upper Middle,3.49018699,26.20685365,28,45,11.57195101,19,4.003732187,4,14,3.176281929,4,1.067089131,65.85536699,47.59677202,1138.023517,62.20947235,60.76929866,19784.22686,613311.0328,1.286360552,256.4193548,7949,46.13908691,49,52,8.590322363,7,0.028208302,0.015798451,0.786981159,0.045773074,0.036187663,1.067099409,72.63190287,54.14022371,1138.021893,66.20374388,61.44326956,33530.16652,1039435.162,1.250872137,148.3548387,4599
38,copenhagen,302,EU,1258201.641,15,61.415791,High income,3.5012031,27.9808926,27,68,13.0097796,17,6.448558237,5,56,5.660528835,7,1.066022439,51.59065216,35.43742458,1448.591058,53.24800615,42.36873449,22917.866,6921195.531,1.341219828,366.1788079,110586,49.63339799,46,87,15.47283952,19,0.022865681,0.011612937,0.909275328,0.038351152,0.032474001,1.068820887,62.72482746,43.67171646,1489.229332,63.44032483,53.05300389,34223.03972,10335358,1.263984171,185.1291391,55909
70,london,1649,EU,10408332.24,15,382.426452,High income,3.572089499,28.19813436,27,63,12.73688178,19,8.396511524,6,94,8.505064347,8,1.072290377,58.07562084,38.94380472,3760.847322,63.33093058,48.16170773,19250.64195,31744308.58,1.25831221,287.8726501,474702,46.6771562,46,83,14.08565047,17,0.028956915,0.01446529,0.999718117,0.050139264,0.038958535,1.06524294,64.58129427,43.91884305,3526.386171,71.01083539,54.1105545,29171.39804,48103635.36,1.197391338,163.5979381,269773
55,skopje,95,EU,402733.2785,7,21.704189,Upper Middle,3.556863769,25.44379385,27,58,14.93424532,22,2.636082417,2,13,2.392060361,4,1.067996738,73.84861147,50.97835486,3487.866587,86.55091943,61.00322943,16144.86118,1533761.812,1.294647296,176.5684211,16774,46.67681256,49,68,16.47648197,30,0.029241714,0.016891245,0.951662709,0.045212445,0.037973809,1.073245191,86.48023336,60.18251603,2334.820024,99.78318457,69.40745742,26969.08835,2562063.394,1.252758646,99.85263158,9486
40,helsinki,381,EU,1001124.665,26,49.116045,High income,3.573159501,26.68570013,26,59,11.99354207,15,8.184663106,7,95,7.656342142,7,1.049068327,40.73993695,28.17596318,1349.488574,39.54312109,32.36731786,24736.30597,9424532.575,1.283295707,608.2860892,231757,43.05247226,43,69,11.27873362,10,0.046694903,0.026179822,0.997051967,0.071587899,0.063897316,1.052182055,47.67069688,33.67572388,1349.48807,45.13872372,39.57231766,38945.83327,14838362.48,1.230538332,286.8687664,109297
54,amsterdam,308,EU,1223406.697,15,66.089425,High income,3.556736891,26.33577728,26,61,12.46946423,18,6.29133103,5,66,6.31845621,8,1.058897377,50.91336944,33.62416545,3020.744928,60.8783599,40.56056516,21099.78966,6498735.216,1.382239382,350.8993506,108077,46.53726366,48,77,16.37450353,21,0.02634526,0.011936209,0.978415517,0.047651069,0.034547842,1.073741483,66.61111783,46.09187783,7602.360197,79.54657082,55.50068386,26551.23482,8177780.325,1.311247457,149.9415584,46182
51,valletta,100,EU,366065.5113,8,19.004508,High income,3.572517862,23.47122862,25,42,9.574908228,14,7.4053609,6,45,6.528621081,8,1.084973082,63.9826073,47.52982976,1289.623431,60.41460696,53.92605505,16630.99912,1663099.912,1.329521544,203.37,20337,40.8392283,42,61,9.659021555,11,0.040591487,0.025789858,0.943496993,0.058146197,0.054541409,1.07757904,68.65722823,51.91334682,1289.623431,62.81886335,57.27839979,26617.03424,2661703.424,1.329292077,149.5,14950
67,stockholm,339,EU,1543891.723,26,46.652935,High income,3.574382116,24.88900349,24,58,11.35664497,15,4.94638123,4,38,4.225355275,5,1.066246192,54.71662597,38.01424476,1379.993008,54.13550515,47.30268668,22402.01967,7594284.668,1.330850275,325.9941003,110512,42.05785187,42,68,11.34708687,13,0.040709029,0.023783297,0.976682077,0.062068249,0.054508055,1.068406224,68.72795805,48.73404709,2201.925095,68.16119876,61.04005312,35251.5631,11950279.89,1.311637305,177.3067847,60107
45,reykjavik,97,EU,206894.8836,16,12.197195,High income,3.55346891,23.65647225,23,47,9.714603812,13,8.986949889,8,39,6.541989253,9,1.06736866,49.56436452,35.90331673,1613.282647,52.16785579,41.15051375,20480.81298,1986638.859,1.308226734,346.1649485,33578,42.80432835,43,58,10.21379969,15,0,0,0,0,0,1.068882507,59.52802162,41.54525622,1458.752036,66.02344392,50.59737106,34540.36743,3350415.641,1.313626429,223.5360825,21683
46,dublin,301,EU,1124519.535,15,65.208958,High income,3.568874027,23.90283866,23,55,11.15282683,13,6.569247138,5,144,9.268215365,7,1.109732912,60.18898991,39.63651775,3156.266511,68.3599596,53.10508328,21031.5528,6330497.391,1.271132485,314.2857143,94600,43.26195822,42,62,12.17426021,16,0.026232452,0.011778885,0.996821944,0.047796558,0.034731275,1.083221239,64.84042273,44.81225303,3156.266272,73.05473662,57.26141643,29137.26106,8770315.578,1.160446842,157.6445183,47451
71,cardiff,113,EU,388459.7329,15,23.650712,High income,3.575499764,23.91994068,23,53,11.64928212,16,3.800616016,2,46,4.853393861,5,1.095776344,56.94817387,37.75812602,2883.204194,66.07605625,46.58336024,19208.66944,2170579.647,1.245722108,298.7610619,33760,43.53770504,42,64,13.67967365,23,0.028830545,0.013696961,0.982717844,0.050736933,0.039109668,1.071509797,60.61967298,41.09209759,2887.155492,72.29212174,49.5891674,28883.93303,3263884.432,1.2091454,171.0088496,19324
57,oslo,244,EU,889573.2617,26,35.626972,High income,3.57456343,23.42193576,22,60,11.40320004,12,7.249482751,6,110,8.062081469,8,1.064536327,48.61828644,34.51990536,1748.363605,49.71318538,38.13412909,24823.02257,6056817.507,1.257751398,467.7786885,114138,37.94363601,35,64,11.20457676,10,0.053947503,0.033808641,0.996104632,0.07504767,0.074040394,1.065764107,54.69484207,38.58501055,1748.363974,55.14577185,42.80186357,40922.27735,9985035.674,1.197944847,251.2786885,61312
56,belfast,149,EU,437125.4131,15,29.745848,High income,3.576161184,20.74604234,20,48,10.46146015,14,2.622942955,1,61,3.973883777,4,1.097667896,55.05997216,36.70421,3643.348658,64.33206281,43.68748187,18664.5915,2781024.134,1.277755762,277.9865772,41420,38.63285382,38,56,11.92357919,18,0.033283493,0.020131778,0.977312648,0.049517439,0.046983967,1.086458651,60.2000268,41.61122168,3643.348345,68.73864304,48.83179343,31867.22761,4748216.914,1.217738523,178.2751678,26563
106,tbilisi,151,NW,988277.7269,7,35.481083,Upper Middle,3.56134862,30.58125545,31,57,13.44394857,19,5.620348736,5,33,4.635308283,7,1.089345826,58.37787351,39.94807749,2391.61433,63.22953966,49.76278351,23065.83238,3482940.689,1.296774194,327.2317881,49412,48.98155844,47,73,12.70728895,16,0.05112644,0.03140665,0.985256661,0.072136785,0.066887081,1.093053588,68.39754546,49.80257291,2191.025613,66.4720968,56.0206591,38155.86516,5761535.639,1.257662338,184.8741722,27916
102,yerevan,194,NW,1027656.189,7,47.947505,Upper Middle,3.565643103,28.46159761,28,60,15.5948877,22,6.249848534,5,28,5.65317269,9,1.087662626,74.05281944,48.89494398,2119.758697,83.21243509,66.96788204,16774.49047,3254251.15,1.280747542,188.2525773,36521,44.09007682,45,64,13.62915721,17,0.042805892,0.027932967,0.976130936,0.057060738,0.049580925,1.093631991,88.41700283,62.75668598,2119.752152,90.87141529,74.74719111,28839.89444,5594939.522,1.265740643,105.871134,20539
121,abu_dhabi,107,NW,508975.565,4,16.814602,High income,3.210710884,23.25131187,23,46,10.69690606,17,2.993355733,2,23,3.601841963,5,1.083202859,59.84727662,36.66612233,4603.596916,80.34939582,53.1503393,17913.91192,1916788.575,1.404167768,224.6635514,24039,38.21151279,40,57,12.7252384,21,0.053387847,0.023830003,0.997334292,0.08963292,0.064732126,1.080600096,69.68568051,44.75480997,5196.609682,101.2256852,62.14007327,25275.71271,2704501.26,1.399558386,156.7009346,16767
101,algiers,468,NW,3316231.955,8,97.802984,Lower Middle,3.571259814,19.26730705,19,43,10.91953447,18,1.537619873,0,25,2.801355451,2,1.094603751,79.48908759,52.90715626,5018.307262,95.13742916,65.38074884,13153.23597,6155714.432,1.344343899,128.8974359,60324,35.06311065,37,51,10.93868831,14,0.043583307,0.026602491,0.985244157,0.058910463,0.05709173,1.09635627,84.75092527,57.25313079,5018.307003,100.0516426,69.25384833,22815.74589,10677769.07,1.334207561,90.58547009,42394
111,beirut,199,NW,1538385.522,8,41.221876,Lower Middle,3.555752974,19.69702137,19,47,11.63713053,18,0.976925589,0,22,2.244734269,1,1.094439842,81.42686541,57.00998664,2695.709935,88.56223635,68.25694273,13745.59141,2735372.69,1.320175598,135.6080402,26986,36.9416552,36,58,14.37996093,23,0.068656316,0.044977889,0.997364871,0.086156149,0.080475178,1.100690768,86.35059664,60.76741959,2695.709935,92.48249698,71.39703371,23518.60471,4680202.338,1.317056396,101.3366834,20166
103,baku,340,NW,1973053.91,5,96.501811,Upper Middle,3.55682572,19.756724,19,49,10.78614373,17,1.534022833,0,22,2.761482567,2,1.068196878,71.77815592,51.14528081,4080.121176,77.4179728,58.27196878,17576.9926,5976177.484,1.229821106,206.9205882,70353,34.92428108,35,57,10.98749425,15,0.034543422,0.023095564,0.976186819,0.044198211,0.047377194,1.066073383,74.93670749,53.96117207,4080.121176,77.45249394,58.92173391,31329.71499,10652103.1,1.218778544,126.8,43112
108,jerusalem,79,NW,1022929.273,8,15.180791,High income,3.578978486,19.39248717,18,47,12.48705497,20,8.24395707,8,31,5.823362735,8,1.10372366,66.73914427,40.54280403,2341.18791,95.89223065,53.07398572,20522.70926,1621294.032,1.359169389,245.2658228,19376,34.14066575,35,52,14.59224384,25,0.060708928,0.039095108,0.942967281,0.079305062,0.07622073,1.124930617,89.40592436,52.18721707,2341.187755,123.7728543,75.77601016,29351.17276,2318742.648,1.297131462,123.9367089,9791
120,ankara,357,NW,3695989.495,7,72.49444,Upper Middle,3.567763108,17.54905609,18,44,8.388512925,12,2.324324813,1,61,4.209667092,4,1.056903098,84.95090292,63.3167387,3419.704573,89.04030633,70.38148407,17785.67321,6349485.337,1.465468341,147.3697479,52611,33.59986467,35,56,10.7185811,14,0.058652567,0.040999803,0.993986874,0.065066122,0.066476972,1.051352989,94.0010428,72.38988574,3419.704573,88.39639533,70.42342681,29090.03139,10385141.21,1.488403565,107.4677871,38366
122,sana_a,218,NW,3759519.651,4,45.001952,Low income,3.522233166,15.98304691,17,32,7.941714089,12,0.117603344,0,6,0.52544314,0,1.055404445,98.41573688,71.1882389,2519.531868,93.69523199,72.99276852,13987.22374,3049214.776,1.483975848,97.65137615,21288,30.74947479,31,45,9.123265907,12,0.02554202,0.016867196,0.886159147,0.034432915,0.030468816,1.057685851,96.80439498,71.26168916,2519.531868,88.16969465,69.13626009,24415.13415,5322499.245,1.485150879,87.6559633,19109
113,rabat,203,NW,2094220.784,8,26.06431,Lower Middle,3.27198418,16.50228026,15,43,9.046145638,11,3.186292647,3,17,2.965362089,5,1.058168305,58.35968745,39.26682821,2840.876268,70.65505948,44.76927889,17194.54634,3490492.907,1.451426236,219.2512315,44508,32.56780229,32,53,9.347488394,11,0.033704587,0.022059703,0.974840014,0.048809674,0.045121577,1.051322591,60.95664678,42.51633824,3165.209544,71.67260696,45.57969825,27980.00171,5679940.347,1.468517972,164.1330049,33319
119,tunis,488,NW,2790169.019,8,114.8728,Lower Middle,3.487017091,15.21775931,15,39,9.460595896,14,1.742877538,1,26,2.340542612,3,1.057715337,70.36498861,49.75843424,8698.941981,93.26345413,52.89385572,15168.41333,7402185.707,1.431630741,158.4241803,77311,33.20329641,35,55,9.926353201,10,0.027973097,0.018018271,0.95884186,0.04012798,0.038367797,1.055450965,70.03215536,50.47292463,8698.941981,87.73059865,52.71368258,27379.12854,13361014.73,1.429742078,134.3709016,65573
107,baghdad,688,NW,6891721.864,4,191.265751,Upper Middle,3.537517501,15.26791767,15,43,9.033944857,14,0.048706015,0,5,0.274528043,0,1.038166069,85.75710117,58.1935977,2964.226609,86.26053343,66.41192769,17571.6051,12089264.31,1.439223708,145.0697674,99808,31.44838504,33,53,11.21831248,13,0.025231074,0.017415654,0.971625061,0.035063507,0.034682235,1.036486656,86.67413627,59.2055981,2964.226609,85.26579105,66.69688743,32176.51329,22137441.14,1.443049816,125.0494186,86034
114,muscat,148,NW,734541.6733,4,24.936923,High income,3.552899729,13.72344198,14,30,7.624596214,12,0.35958279,0,12,1.117822354,0,1.106468595,80.02678055,53.71827712,2295.580429,99.7497218,66.69479588,13289.31206,1966818.186,1.359634941,126.7905405,18765,27.69024539,29,41,8.339829322,11,0.047073018,0.027062371,0.987598306,0.069646331,0.05965354,1.100944981,80.28386298,56.07791684,2295.580429,92.60320143,66.52628172,21877.89512,3237928.478,1.346645987,98.75,14615
104,manama,273,NW,1361833.134,4,58.587916,High income,3.459241914,13.74752096,12,38,8.922346794,13,0.254121098,0,5,0.630244912,0,1.068826483,57.9323134,42.05145459,1898.508456,63.86403001,41.82224592,17272.31764,4715342.717,1.409686573,220.7069597,60253,27.58447738,27,49,10.14920653,15,0.024539784,0.013427528,0.923270665,0.040384953,0.034686404,1.06581094,58.86292823,43.75762489,1677.12009,60.52029052,42.34533631,29388.98794,8023193.706,1.385379361,186.0879121,50802
112,tripoli,465,NW,1248354.011,6,119.799921,Upper Middle,3.457590566,13.22278249,12,37,8.824516441,15,0.393288655,0,10,1.093007384,0,1.072925801,85.98847104,63.9508849,4001.015275,82.99051888,69.86941631,14634.68301,6805127.598,1.323066018,132.6623656,61688,27.29299672,28,46,9.303528843,14,0.026145144,0.017633449,0.99806108,0.035838857,0.035082131,1.068658663,85.17703641,64.23001757,3005.139205,76.34075265,68.83568332,27277.35059,12683968.02,1.321782418,103.2860215,48028
110,kuwait_city,490,NW,3703486.237,4,123.238141,High income,3.453268701,9.657117795,9,29,6.598590476,10,0.123773689,0,7,0.477255004,0,1.126930604,75.3134555,53.53586728,2338.796777,81.7484599,65.90159507,18344.66705,8988886.854,1.464855382,172.8265306,84685,21.49114089,22,40,8.960430932,13,0.03872448,0.020204391,0.973115183,0.061964741,0.048454696,1.151421483,81.39951186,59.1119294,5016.995056,86.30933266,71.3528225,27744.10995,13594613.88,1.464000109,139.5510204,68380
118,damascus,270,NW,3771637.934,7,60.776653,Low income,3.54444186,12.97421547,9,41,11.14933496,18,0.158704777,0,6,0.529291594,0,1.057961477,96.58152992,66.07965049,2072.548614,105.0312857,79.71978733,11773.64621,3178884.476,1.38325005,90.58888889,24459,24.61607946,18,53,15.17797579,27,0.031659075,0.019226865,0.959591118,0.046024747,0.037589316,1.05734436,100.2465803,69.53032044,2072.548614,106.0350905,81.64342049,20648.93911,5575213.561,1.379425489,71.81851852,19391
115,doha,392,NW,1980416.128,4,107.753901,High income,3.40746683,9.758748616,8,32,7.520064957,12,0.524986157,0,17,1.435426727,0,1.098257917,73.63777976,48.54471592,3191.664367,84.78114007,66.94129227,17421.90971,6829388.608,1.4214701,173.8903061,68165,23.58798635,25,46,11.87090468,19,0.029289175,0.015475946,0.922923071,0.047815364,0.038093816,1.092289007,82.17178017,56.71479338,3312.268286,95.67025201,72.47443384,28363.72807,11118581.4,1.431459772,147.1403061,57679
116,riyadh,1108,NW,7970319.431,4,359.453889,High income,3.212130814,6.590447162,6,28,4.488844718,7,0.236237054,0,51,1.455287303,0,1.043945296,93.8056093,69.61224862,6129.871748,103.759055,68.07998562,17987.05626,19929658.34,1.508565689,128.9756318,142905,16.36858963,17,39,7.801856658,10,0.034678565,0.022877693,0.988377717,0.045923444,0.038278977,1.038380139,89.98003079,69.38308783,10579.32207,95.72469989,60.38874218,29057.78408,32196024.76,1.508286123,122.4765343,135704
117,khartoum,958,NW,7114789.468,4,254.712552,Low income,3.052427254,7.234775232,6,34,6.406722124,8,0.122563385,0,7,0.452907119,0,1.015192905,71.26313889,55.77034905,4318.621773,58.37193927,43.25738614,19530.11698,18709852.06,1.598579852,175.7651357,168383,16.73249395,16,43,10.22578324,15,0.026870155,0.018740063,0.973281941,0.03620587,0.036517517,1.014739396,70.9070602,55.74380599,3183.852543,56.07268079,42.97741214,38144.22359,36542166.2,1.599272214,171.6096033,164402
109,amman,520,NW,6425245.979,7,132.266107,Lower Middle,3.561933799,8.298566274,6,39,7.731310879,11,0.137372285,0,8,0.593776441,0,1.054399991,88.50486199,67.3639942,4301.514436,85.30598345,71.82792786,16374.08027,8514521.743,1.417149414,137.1134615,71299,20.92437205,20,47,11.9475451,21,0.059549694,0.042336849,0.999266171,0.066681,0.067169355,1.055722025,91.91136771,70.7326969,15173.55726,101.9426412,70.59104767,28916.7303,15036699.76,1.417761263,115.4038462,60010
105,cairo,1680,NW,25230324.96,4,377.782704,Lower Middle,3.506647906,4.898016946,2,41,6.302334178,7,0.098772568,0,11,0.471707741,0,1.037251289,61.36483437,36.5883136,6232.741392,84.28725572,45.26390839,17642.38988,29639215,1.382651919,222.1880952,373276,13.8967024,10,49,12.57423326,19,0.041171991,0.024994468,0.999060494,0.060766839,0.055870143,1.035275215,63.91251682,37.66919678,3985.520863,87.34887449,47.39141918,30826.33837,51788248.47,1.373676081,169.0333333,283976
125,wellington,64,OC,154120.3008,15,13.995892,High income,3.50937225,26.54659858,26,53,13.92791804,23,6.714329139,6,35,5.661884988,6,1.120595016,59.67461295,40.4457478,1642.240799,68.43830151,47.87326085,14297.6643,915050.5149,1.197641194,217.171875,13899,43.17126358,45,56,13.07451724,17,0.067465265,0.038791296,0.998061356,0.094172275,0.092785862,1.110901276,64.63750351,43.19661765,1642.237573,77.04949836,49.35441065,22538.2895,1442450.528,1.145836925,114.984375,7359
123,sydney,1378,OC,4375394.497,14,317.219992,High income,3.436557789,19.27567705,17,54,11.741083,17,6.198037219,6,45,5.170134422,7,1.078540636,80.6603493,51.85596123,2612.025748,90.43666286,80.3737076,15159.22878,20889417.26,1.280402869,166.3788099,229270,37.91182377,38,63,10.93096601,12,0.043197652,0.02452487,0.999816932,0.066353218,0.056374806,1.068013844,90.87882785,63.39592049,2741.811272,96.21706859,84.72025427,23320.37776,32135480.56,1.304498726,94.24310595,129867
130,port_vila,34,OC,72613.04782,1,3.350259,Lower Middle,3.506646142,12.95019808,13,30,9.151173843,16,0.971137521,0,9,1.868865632,1,1.086582093,106.6068016,74.94123462,1080.105329,103.2089444,99.13919436,6546.911817,222595.0018,1.229767968,50.73529412,1725,25.79897494,30,33,9.059347422,7,0.049968485,0.031962554,0.928138069,0.06531371,0.05597785,1.079648191,108.0761,77.84574718,925.5976031,101.8737166,100.1255883,12584.50823,427873.2799,1.222095672,35.38235294,1203
129,nuku_alofa,20,OC,51990.7662,1,2.785523,Upper Middle,3.245713797,14.18689788,13,32,8.657791985,16,0.02569043,0,1,0.158210089,0,1.05246995,96.46087175,77.79077249,1638.93677,80.67285033,71.77645078,8806.87759,176137.5518,1.226075787,76.25,1525,33.3868472,36,37,5.485335452,5,0.017931128,0.012169707,0.311918698,0.026570617,0.024259524,1.049493642,96.36964051,78.77364158,720.2818343,70.50544699,71.41086956,17274.25806,345485.1612,1.236621534,55.05,1101
127,apia,35,OC,60041.65661,1,3.902673,Lower Middle,3.414150933,14.28984344,11,34,10.65156958,17,0.092733842,0,2,0.31141696,0,1.070973115,94.62376257,65.40662705,954.6622637,95.64685135,82.63574104,7296.843862,255389.5352,1.150541951,68.37142857,2393,28.91300813,37,38,11.88750426,22,0.031164228,0.018280601,0.826144432,0.051620744,0.04011259,1.062987227,95.62011753,67.74574017,954.848276,93.87420752,84.72078255,14293.84157,500284.4549,1.149593496,44.88571429,1571
124,suva,77,OC,242909.9953,1,22.561054,Upper Middle,3.571910286,10.69325153,9,35,8.604284819,12,2.214723926,0,19,3.228263472,4,1.081932001,115.0413205,85.3667483,1236.099435,104.682888,99.6708157,6437.831819,495713.05,1.1400818,49.2987013,3796,25.33858681,26,42,11.70541311,22,0.046412694,0.031870138,0.932542024,0.057425969,0.050827912,1.076988053,115.8000312,86.81624044,1236.099435,102.9967723,100.2456537,12008.61363,924663.2494,1.134226425,30.83116883,2374
126,port_moresby,72,OC,442164.8952,2,8.447504,Lower Middle,3.572463176,8.279524962,6,29,7.322501537,10,0.420057181,0,7,1.031896282,0,1.133090293,112.2522164,76.50175828,2120.899145,121.0956343,107.6579681,8479.71951,610539.8048,1.248075654,62.05555556,4468,23.23061453,25,37,10.02053763,17,0.047025813,0.028195989,0.967844819,0.064455765,0.056015182,1.127124997,111.489674,77.55276135,2120.899145,117.1751354,105.2439445,14617.53503,1052462.522,1.245586592,44.18055556,3181
128,honiara,39,OC,137201.4211,1,5.958988,Lower Middle,3.549309383,5.028835063,2,23,6.132925785,8,0.125720877,0,3,0.384678335,0,1.094638826,135.8884694,94.19419864,1042.687831,134.9888587,125.5300678,6543.552448,255198.5455,1.116493656,43.28205128,1688,16.725058,17,30,8.456853695,14,0.049846325,0.03190875,0.755629885,0.060405937,0.059838984,1.093873236,135.7326977,94.0597942,1042.687831,135.6501634,124.5295071,12494.36884,487280.3847,1.111948956,26.20512821,1022
160,port_louis,136,SA,557430.5551,2,30.925827,Upper Middle,3.545548175,16.65454545,16,46,10.35260571,15,0.873715415,0,9,1.464082774,1,1.070934388,91.93374048,69.06986551,2082.454775,86.83689554,75.66494576,13276.98968,1805670.597,1.336693017,109.7941176,14932,36.76833411,39,47,9.436004697,12,0.033198389,0.023358322,0.895389822,0.041804811,0.037240959,1.064207436,91.73399406,69.70657307,2082.454775,84.11541826,75.20038841,24275.10818,3301414.712,1.334510091,85.58088235,11639
159,nouakchott,178,SA,1625383.896,4,51.477538,Lower Middle,3.456689905,13.38671066,13,35,6.112707587,8,0.249482202,0,7,0.731738879,0,1.017660425,60.84952663,47.39610105,2270.844503,46.8143911,36.9879363,21814.89715,3883051.693,1.577260248,232.9044944,41457,28.76629781,29,48,9.320351816,12,0.030113813,0.020961621,0.849356046,0.042184141,0.040109541,1.017487239,60.65749506,47.34507125,1194.161271,44.64240447,36.8368292,43263.78797,7700954.258,1.576786144,226.9606742,40399
167,dakar,277,SA,3970201.794,6,76.377024,Lower Middle,3.561073356,15.24367075,13,46,10.55282612,15,1.561687989,0,25,3.048956022,2,1.033336872,57.00063363,43.65615024,3341.405357,55.03901243,33.72113041,20546.77353,5691456.267,1.48800886,252.166065,69850,33.58820735,33,57,11.93742849,15,0.02745033,0.020822269,0.949366654,0.037260156,0.03824701,1.030742532,56.46843306,43.67200666,3341.405357,50.31849508,33.19024399,39202.34326,10859049.08,1.488836426,227.1407942,62918
162,windhoek,96,SA,417841.6386,6,25.359662,Upper Middle,3.560947274,14.32410588,13,43,10.12073143,12,2.007577288,2,15,2.492551679,3,1.129220684,99.69010598,69.78562223,1783.855292,98.6174257,83.01192305,13229.70781,1270051.95,1.344615074,100.84375,9681,34.04416471,33,50,11.58001871,19,0.046607936,0.031886167,0.720850375,0.056980237,0.052423242,1.114364151,102.1257303,72.44794014,1783.855292,99.03820918,84.35172962,23728.27515,2277914.414,1.345423512,77.21875,7413
139,moroni,36,SA,175832.4714,2,4.867432,Lower Middle,3.495137763,14.21728787,11,31,9.577947805,18,0.277557494,0,3,0.651269045,0,1.079919054,118.2534762,84.13924429,1414.772943,122.7082685,96.99418038,4877.955892,175606.4121,1.251387787,34.38888889,1238,28.08968986,33,37,8.43591309,8,0.04503334,0.027917354,0.496002596,0.055965383,0.053120798,1.079337764,126.2117852,92.32004488,1414.772943,126.8230085,101.752643,8996.095578,323859.4408,1.242246438,23.75,855
173,lome,346,SA,2498073.763,3,107.581835,Low income,3.540061723,13.15121708,10,41,10.76707589,18,1.361952316,0,21,2.927665443,0,1.027396589,91.54994259,76.69442161,1930.650776,65.55458653,57.7317804,15399.7058,5328298.208,1.496192735,113.9942197,39442,31.49124073,31,58,14.90093986,25,0.035224498,0.024413517,0.97078049,0.044306711,0.037744624,1.027382952,91.11058286,76.73763356,1930.650776,63.45525719,56.81365882,29833.97603,10322555.71,1.496491315,105.5693642,36527
174,kampala,810,SA,5177877.659,1,166.706125,Low income,3.580234554,12.58272671,10,47,10.52527773,17,0.131995315,0,9,0.564267936,0,1.077425429,87.78786356,64.89750103,3007.161454,81.38214814,76.63837346,10313.12313,8353629.733,1.160022504,104.5246914,84665,30.11665355,30,56,12.19091922,18,0.053572236,0.038919425,0.989658231,0.062255034,0.064493237,1.074290405,88.16911119,65.43809069,3007.161454,80.27396649,76.9847013,20264.20072,16414002.59,1.156961937,68.48765432,55475
142,yamoussoukro,33,SA,227858.5613,3,7.52824,Lower Middle,3.002730701,13.15934388,10,34,10.13952628,17,0.658465144,0,9,1.541438015,0,1.034658731,140.8666053,117.3555059,898.61145,110.420619,126.3452202,10441.20353,344559.7166,1.445225542,50.84848485,1678,30.88299156,36,42,12.08163078,17,0.034410886,0.023706956,0.985042495,0.064828782,0.03418968,1.031880951,144.7721867,123.5870578,898.61145,110.5779155,129.3132381,20662.93938,681876.9996,1.449939686,40.75757576,1345
143,djibouti,69,SA,735131.508,4,12.90894,Lower Middle,3.512065521,12.6534154,10,41,10.24320581,11,0.067198063,0,2,0.257124512,0,1.061424042,65.01182692,43.00058841,1453.202413,73.34370963,45.01449636,13549.78381,934935.0829,1.516295026,142.8405797,9856,29.52876151,24,45,11.46529817,22,0.041022704,0.027483342,0.997848841,0.057705502,0.055931993,1.056018128,64.28647149,43.0665461,1405.455938,68.95090427,44.59322598,25460.23777,1756756.406,1.516581372,127.884058,8824
166,sao_tome,35,SA,154878.0805,3,4.100254,Lower Middle,3.567301546,12.87320574,10,32,10.5327332,20,0.184210526,0,3,0.616394419,0,1.074017947,101.8374131,74.70242978,1001.481145,99.64592633,88.27808306,5857.106073,204998.7125,1.291866029,46.65714286,1633,29.22591362,34,34,7.684613326,6,0.035473614,0.023054021,0.552230583,0.044798682,0.04013131,1.069328473,107.6213777,80.86380166,1001.476557,102.2945091,91.31954678,11149.57473,390235.1157,1.295681063,32.82857143,1149
147,addis_ababa,465,SA,7280462.518,12,110.396125,Low income,3.565363108,10.75379756,9,37,8.547760471,13,2.416637177,0,67,4.576487669,3,1.049820801,77.38590915,57.98112896,2916.439303,73.12183846,57.07629884,17063.01049,7934299.879,1.403924036,163.0107527,75800,26.76554509,26,52,12.28583642,19,0.053139711,0.036557889,0.979911484,0.061854421,0.058633868,1.049446283,76.41074386,57.85297765,2916.439303,69.14112079,55.67020489,31554.67938,14672925.91,1.404099308,135.5526882,63032
158,bamako,407,SA,3960562.859,3,117.67825,Low income,3.36702999,12.16624742,9,43,9.822903402,16,4.229778696,1,109,6.950821917,6,1.024324856,76.70959773,60.92287506,1926.114602,58.54676989,48.78409424,18128.34385,7378235.948,1.485371186,162.6928747,66216,30.12226428,30,54,14.14077297,25,0.031754266,0.020812853,0.954075425,0.0417505,0.035504813,1.0236751,76.35044764,60.80558768,1926.114602,57.09697865,48.40665202,35414.78933,14413819.26,1.483881102,144.1621622,58674
163,niamey,222,SA,1600656.083,6,54.406098,Low income,3.442942172,12.20321846,9,47,9.642125982,12,0.14002421,0,10,0.600255238,0,1.026151762,85.79654014,66.6428316,2418.429661,70.18847644,54.4190277,16317.96088,3622587.314,1.551516662,125.1756757,27789,32.12143163,32,59,14.4821518,24,0.020380885,0.015262338,0.98547589,0.02869337,0.028435663,1.02384881,85.87201514,66.9826497,2418.429661,67.68767722,54.17183261,31658.53639,7028195.079,1.559663146,117.9189189,26178
136,yaounde,313,SA,5479203.927,3,79.23591,Lower Middle,3.581895588,12.03660886,9,42,10.46565302,17,0.119125408,0,10,0.588625891,0,1.070807377,90.17537626,69.04873302,1658.03284,73.91724995,68.94763935,12294.6779,3848234.182,1.228365586,113.0479233,35384,30.64468705,31,56,13.64819093,17,0.066663865,0.049726624,0.875760026,0.068687515,0.073973941,1.067938001,89.69008971,69.09138366,1658.03284,72.67721113,68.68239041,24670.79222,7721957.964,1.240042471,81.88498403,25630
151,coyah,305,SA,2991110.752,2,83.439892,Lower Middle,3.561562843,9.730204778,9,36,6.996684414,10,0.28112628,0,15,1.124886992,0,1.037808238,97.5484115,75.38237089,1914.883105,79.60171979,71.17390365,12313.48801,3755613.843,1.349351536,94.83934426,28926,24.547991,28,44,10.25472688,16,0.037050978,0.026657289,0.926349159,0.041978116,0.040848659,1.037694552,96.80607003,75.19670744,1914.883105,76.98803367,70.49599892,23948.23474,7304211.596,1.347704482,74.77377049,22806
153,nairobi,598,SA,6646256.557,15,123.50449,Lower Middle,3.570806239,11.1156593,9,43,9.091495737,13,0.4074438,0,40,1.812418139,0,1.07591134,84.7309649,59.41498431,4733.790641,96.22838713,66.69513297,13853.37107,8284315.9,1.227771653,137.1789298,82033,26.30062413,25,54,13.24113828,19,0.038540266,0.0247151,0.995176728,0.052093081,0.048340683,1.069275562,83.56092614,59.27999616,4733.790641,90.50277769,66.15258781,26006.59159,15551941.77,1.224371326,95.65886288,57204
170,pretoria,477,SA,1826231.895,11,125.93351,Upper Middle,3.479310389,10.26187225,9,37,8.349818395,13,0.143832499,0,5,0.508410047,0,1.097891832,90.1302203,57.24394594,4357.124247,105.0925603,80.77740458,12397.34567,5913533.884,1.351331361,107.2893082,51177,24.53909979,23,49,11.0187616,17,0.040281972,0.024925025,0.995478514,0.057351053,0.053674705,1.089583707,91.4476404,59.12982937,4357.124247,103.3949671,81.63766464,21847.93406,10421464.55,1.346329675,81.67924528,38961
148,libreville,196,SA,917056.3782,2,51.791458,Upper Middle,3.575652731,9.55147305,8,32,8.050161537,12,0.191747573,0,7,0.641163201,0,1.086514821,116.7320381,82.49479315,2248.301873,120.2373252,102.0993363,8159.926804,1599345.654,1.201121527,59.44897959,11652,22.45587472,20,46,11.56686811,18,0.033517126,0.022398934,0.705061897,0.043122672,0.038341213,1.084927213,118.9662181,85.91763412,2248.301873,118.0214137,101.9105403,14963.64374,2932874.174,1.195362519,39.2244898,7688
156,antananarivo,442,SA,4255253.768,12,61.558014,Low income,3.574218532,11.75455723,7,47,11.98998095,18,3.518599056,0,36,5.923403087,5,1.099083048,126.4078515,83.62486412,3479.111603,152.3491143,114.7419054,7609.066284,3363207.297,1.29781623,46.760181,20668,24.29735972,25,58,16.31539579,29,0.056836336,0.038898365,0.999001615,0.066314244,0.066616328,1.099731272,134.238967,90.42771419,3240.804761,156.8019689,120.5534364,13818.41348,6107738.759,1.283292216,32.10633484,14191
132,porto-novo,149,SA,815039.8996,3,36.878535,Lower Middle,3.503349825,8.061622562,7,26,5.964751675,8,0.031432476,0,3,0.219851988,0,1.029095362,91.34774306,69.63308207,1399.689488,71.46864168,70.9453494,13440.99274,2002707.919,1.400857249,106.5637584,15878,23.75421445,27,37,8.835045715,15,0.022431789,0.016028267,0.852179248,0.029121599,0.031500673,1.027896507,91.95322433,70.41345385,1399.689488,71.14965774,71.65699202,26970.06584,4018539.81,1.428275992,91.63758389,13654
154,maseru,110,SA,296516.0661,12,30.479752,Lower Middle,3.580771227,8.254151436,7,36,6.471911776,9,0.106422977,0,6,0.48524495,0,1.053777127,76.50487578,60.04089239,3548.991776,69.02349964,59.7507871,17164.21663,1888063.829,1.348093995,166.6090909,18327,24.74470979,24,42,8.845605282,9,0.043493641,0.029269619,0.90939964,0.055467281,0.048195758,1.052611777,78.02117955,61.31341031,3548.991776,69.64382111,61.27690793,33100.84006,3641092.407,1.338138498,134.7909091,14827
133,gaborone,122,SA,298992.6473,6,34.497202,Upper Middle,3.547474285,7.744531865,7,26,5.801119666,8,0.36097561,0,6,0.838296759,0,1.094737594,100.2380626,72.80623326,4584.850283,106.0540025,80.26588152,14189.43722,1731111.341,1.40747443,102.795082,12541,23.13808481,24,36,8.1873973,13,0.017075669,0.011524902,0.676412915,0.024687227,0.023340102,1.090562197,100.8399909,74.7447107,1599.948947,96.81032317,80.33427132,25786.10815,3145905.195,1.3999027,86,10492
140,kinshasa,487,SA,12945682.99,3,165.315057,Low income,3.551550678,8.950955764,6,42,8.404231699,13,0.187326357,0,10,0.714831076,0,1.035617338,93.99300408,64.00721964,2348.613745,86.48487429,72.35879195,16274.493,7925678.09,1.445657056,122.5708419,59692,22.41093302,22,55,14.75093676,26,0.041931454,0.025026309,0.930436938,0.055460274,0.046539589,1.034623225,94.68953158,64.54304372,2348.611577,86.62168222,72.66298975,32058.53112,15612504.66,1.446954614,101.110883,49241
145,asmara,43,SA,251979.7984,7,10.122801,Low income,3.525349581,9.034745986,6,30,8.69126833,12,0.111608318,0,2,0.343279813,0,1.043006638,73.3782253,59.90691378,731.1190111,58.18451201,53.57078071,18853.08449,810682.6331,1.533824691,175.1627907,7532,27.59258275,32,35,8.99736522,11,0.03375006,0.023235259,0.650064583,0.044085287,0.041744631,1.041928836,73.5937076,60.24710804,731.1190111,56.87039451,53.24857574,35927.42116,1544879.11,1.536222252,160.1395349,6886
168,freetown,205,SA,2150532.945,2,46.023652,Low income,3.578954537,9.036739089,6,46,8.917712868,8,0.040539685,0,2,0.21057953,0,1.063949214,96.8311636,72.0460555,1798.380609,88.43739976,78.26911098,8702.051351,1783920.527,1.23025274,75.44878049,15467,21.91878626,15,55,14.97760282,20,0.063422392,0.038885171,0.980494091,0.078321788,0.073481721,1.062894671,96.35441803,72.13554057,1798.380609,86.49423946,77.80038409,16541.93848,3391097.388,1.228915663,53.04390244,10874
171,juba,79,SA,296086.9767,3,20.686983,Low income,2.877972482,7.1505306,6,22,5.247731573,8,0.049498474,0,2,0.258493114,0,1.021067625,78.76289904,62.33809938,760.9169024,47.93979216,64.01109733,21620.91429,1708052.229,1.608300625,172.5822785,13634,19.24437792,20,34,8.426284373,14,0.031510543,0.023164925,0.914722757,0.036342485,0.034160181,1.020099479,78.595482,62.36162273,760.9169024,47.30299581,63.78358159,42434.59612,3352333.094,1.608863902,153.3924051,12118
150,accra,1121,SA,5890466.043,3,338.40001,Lower Middle,3.542596637,8.176668813,6,36,7.747392549,11,1.337873864,0,44,3.115366842,1,1.05316036,93.27794389,73.31727778,5701.075407,82.01306971,70.83181345,14145.5461,15857157.18,1.310780452,117.9919715,132269,22.63784626,21,51,12.46328719,21,0.028650589,0.020526426,0.960558447,0.035002176,0.033283976,1.051452631,93.35510384,73.61275062,5701.075407,79.44122109,70.36973746,27515.85473,30845273.15,1.309989383,91.92863515,103052
165,kigali,286,SA,1621760.398,3,51.898795,Low income,3.581039868,7.68052348,5,30,7.445000052,12,0.864782865,0,9,1.420670813,2,1.07307849,111.5570245,78.33129898,2061.10938,112.2338082,95.36192037,11079.64084,3168777.28,1.329982339,75.53146853,21602,20.67788162,21,47,12.42283644,23,0.072690659,0.050581334,0.981965337,0.079436182,0.085548024,1.072998744,114.7842078,80.56559045,2061.10938,116.0603,96.65282146,20991.86436,6003673.206,1.323412413,57.31818182,16393
175,lusaka,360,SA,3658064.188,11,106.649015,Lower Middle,3.495334857,7.07672264,5,26,6.750677516,10,0.213086277,0,9,0.738542772,0,1.054153174,102.3623967,74.82461276,2193.825524,90.80839085,86.97672018,12820.03716,4615213.378,1.357527504,94.81388889,34133,22.12627256,21,48,12.45673296,19,0.018719134,0.012650321,0.599556699,0.025685598,0.026206759,1.05082339,102.193443,75.00128162,2193.825524,89.74895884,86.5008938,24862.81307,8950612.705,1.357097409,77.67222222,27962
144,malabo,71,SA,729478.227,2,11.702885,Upper Middle,3.490188468,6.86326087,5,23,5.675289517,7,0.031521739,0,1,0.174722978,0,1.080474811,110.7779103,79.86888556,2317.691368,123.5647569,92.83876512,9341.230268,663227.349,1.355434783,63.49295775,4508,20.65038203,23,30,7.489779667,13,0.043366378,0.029646129,0.923169476,0.057237653,0.047777169,1.080704408,114.5625463,86.47636455,2317.691368,116.8702857,91.77211892,16837.46719,1195460.171,1.360963186,48.11267606,3416
134,ouagadougou,495,SA,3616268.287,6,137.626681,Low income,3.515403731,6.804833214,4,42,7.506308439,6,1.118476506,0,29,2.732178836,0,1.030999745,72.97787172,57.479269,1721.890282,59.13226868,52.24857794,19263.65182,9535507.652,1.532348458,179.0727273,88641,22.21095106,19,56,13.50639105,17,0.021153079,0.015525539,0.966173804,0.029356989,0.030391892,1.030654819,72.64544706,57.46701894,1721.890282,57.98894287,51.7506053,37661.45438,18642419.92,1.532539844,168.2464646,83282
135,gitega,26,SA,176122.5345,3,4.377419,Low income,3.561820697,5.441198502,4,16,5.31488857,9,0.153558052,0,3,0.580275409,0,1.066830711,125.4782649,90.61891282,1239.047995,113.9724795,101.677811,8561.478534,222598.4419,1.372284644,50.96153846,1325,16.7642527,18,16,3.247360114,3,0.058122097,0.043735899,0.835339813,0.061820949,0.061468097,1.064217709,128.1219763,92.57522037,1239.047995,114.9473279,105.5847594,16912.10087,439714.6226,1.371340524,40.65384615,1057
146,manzini,34,SA,93405.68221,11,8.035808,Lower Middle,3.567702653,6.684347006,4,25,7.079636259,9,0.039368223,0,2,0.216278534,0,1.087780551,82.01554276,52.93117161,1185.662452,85.48824744,78.36506356,10893.59386,370382.1911,1.137906648,113.4411765,3857,21.56810557,26,27,7.163661934,10,0.053997356,0.036167617,0.87595443,0.067585581,0.076527669,1.081040773,78.30912605,48.72963939,1185.673385,84.70858749,78.68876844,20887.80777,710185.4642,1.123238649,78.82352941,2680
172,dodoma,80,SA,267332.8444,6,20.975232,Lower Middle,3.534521048,6.855901157,4,39,7.629809223,9,0.587385964,0,9,1.152041472,1,1.048702112,76.85112808,62.68444363,1950.856469,61.16843811,60.2529071,18178.17371,1454253.897,1.447166152,172.225,13778,24.1770428,23,41,11.36954112,21,0.025463091,0.017336326,0.709811329,0.035872072,0.034657744,1.046920813,76.86112017,62.84851488,1395.572634,60.74281854,60.21782625,35894.14312,2871531.45,1.444300331,155.525,12442
138,n_djamena,222,SA,1910082.319,6,63.27299,Low income,3.338689189,7.579915209,3,38,8.722644385,11,0.067355591,0,3,0.291132963,0,1.023561104,108.061294,82.85411229,1549.208733,75.61653271,73.12154179,14039.69325,3116811.902,1.574032856,84.63963964,18790,20.81744,18,48,13.65526438,22,0.017527852,0.01255426,0.980506022,0.025311879,0.024455512,1.022747654,108.6133131,83.13595009,1549.208733,74.96531026,72.71550121,26860.75727,5963088.113,1.57136,78.28378378,17379
149,serrekunda,181,SA,1313464.797,3,42.486979,Low income,3.419121184,4.861023492,3,30,5.341233611,6,0.042370886,0,3,0.251530432,0,1.026132084,87.74078069,73.86041648,2086.803162,67.24977456,58.23074014,14762.74992,2672057.735,1.476719552,116.6298343,21110,17.53736621,18,39,10.51949729,19,0.022476809,0.016032359,0.810648708,0.02876056,0.030872895,1.024456293,87.69796042,74.20913518,2086.803162,64.44428408,57.87419917,28896.2357,5230218.661,1.481030199,102.4917127,18551
169,mogadishu,186,SA,4798452.599,6,48.9711,Low income,3.405062422,4.553659395,3,23,4.863083767,6,0.124384236,0,3,0.395670701,0,1.030822153,76.76877064,52.81922915,1335.140083,64.14045188,69.4813969,18655.63674,3469948.433,1.626600985,152.1935484,28308,15.29132696,14,33,10.17804133,19,0.028282692,0.021632238,0.867417925,0.03276986,0.03411174,1.030192809,76.61120825,52.77588492,1335.140083,63.8311882,69.5381998,36615.21489,6810429.969,1.62517571,140.1451613,26067
141,brazzaville,180,SA,3190742.929,3,52.977319,Lower Middle,3.520417436,6.782103404,3,31,7.675093545,12,0.172272186,0,7,0.647785631,0,1.024506306,85.98452178,58.63017976,4282.343112,76.95600011,70.09564333,17044.52068,3068013.722,1.502525564,134.5777778,24224,19.81514504,19,45,13.42268661,23,0.043462944,0.025884341,0.932481865,0.054462072,0.049022202,1.023434681,85.86931712,59.02858463,4164.917294,70.67233678,70.20096369,33454.68595,6021843.471,1.50184896,113.6,20448
176,harare,603,SA,2076037.334,12,121.282388,Lower Middle,3.572827695,4.652571067,3,35,5.392507058,5,0.028743332,0,3,0.176029418,0,1.108640895,116.7645853,79.78705576,1712.380207,110.5855444,100.4205619,10662.94967,6429758.653,1.36647748,66.92537313,40356,14.76705877,13,41,8.874488157,10,0.021558658,0.01560834,0.579104301,0.027673866,0.029583871,1.092402464,115.3164381,79.31979091,1635.189543,107.98602,99.22248769,20598.80514,12421079.5,1.364266564,56.07131012,33811
137,bangui,122,SA,1270413.659,3,32.071466,Low income,3.50286744,4.009597208,2,25,5.507636991,4,0.012069216,0,1,0.10919501,0,1.046868942,121.2735028,90.12386612,1499.299968,105.5176135,98.08826462,9150.185192,1116322.593,1.368910862,55.30327869,6747,11.70246377,8,30,9.370197577,14,0.028034554,0.018676656,0.625321236,0.03795852,0.031053054,1.044655962,121.5346167,90.37371361,1499.299968,105.3928616,97.83366895,18199.31076,2220315.912,1.37,45.75409836,5582
155,monrovia,302,SA,2049817.566,2,66.280616,Low income,3.556230962,2.664144534,2,24,3.690711002,2,0.011323862,0,2,0.119515517,0,1.066274483,97.71679573,79.57924874,1345.91684,82.68863152,75.77107205,7323.582631,2211721.954,1.209079679,63.10264901,19057,9.215917804,8,31,6.566844405,7,0.027105037,0.017760345,0.971615355,0.038405661,0.033080369,1.064220464,97.03476471,79.22638217,1345.91684,82.05473909,75.52250209,14420.587,4355017.275,1.207687982,43.11589404,13021
161,maputo,570,SA,3533370.361,3,156.139726,Low income,3.501974571,4.860258683,2,42,7.287642994,6,2.420996353,0,93,5.091402821,3,1.034009483,87.7013483,70.1078354,3213.93526,73.31295428,64.80308908,14885.84218,8484930.045,1.477508093,119.2245614,67958,14.18816886,10,51,12.10936638,16,0.021964044,0.014884325,0.758587526,0.029661471,0.030342383,1.032045632,88.74349547,70.96536414,2657.728659,70.77231059,64.48983994,28666.01732,16339629.87,1.481731105,103.5017544,58996
152,bissau,83,SA,674444.3312,3,18.498227,Low income,3.566338043,5.281681434,1,30,8.44309129,5,0.024520915,0,2,0.162457185,0,1.056879714,108.4375786,80.9282946,1462.897566,92.56991663,87.52705774,8400.646152,697253.6307,1.369874305,57.97590361,4812,17.13384321,17,31,11.04035588,23,0.029061349,0.02102989,0.933603642,0.036107061,0.031280209,1.05427559,111.0926565,84.16426587,1462.897566,92.9187826,88.54966183,16168.66615,1341999.29,1.359889526,44.96385542,3732
157,lilongwe,136,SA,1018797.715,11,35.158678,Low income,3.557635571,2.618353345,1,26,4.09698345,3,0.096780578,0,5,0.43732557,0,1.057115838,98.40434743,74.81963517,996.4095117,83.23181911,79.5184814,14228.8345,1935121.492,1.343053173,108.8823529,14808,10.83196232,8,31,7.902330019,8,0.028198052,0.021828027,0.9302151,0.032699608,0.032969268,1.055196928,98.53592828,74.96148336,996.4095117,83.02424433,79.39305554,28169.68302,3831076.891,1.343638052,90.08088235,12251
131,luanda,936,SA,11672133.85,6,277.573199,Lower Middle,3.544399986,4.711464383,1,41,7.092066468,7,0.038039291,0,8,0.284335678,0,1.04500047,83.00628922,62.6256028,5189.278309,75.44342943,66.21749985,16782.87844,15708774.22,1.45707153,142.9786325,133828,14.39956409,11,47,12.38911933,19,0.024299349,0.017106146,0.97270134,0.031474976,0.034006579,1.039998958,82.66852074,62.84839275,5189.278309,73.14023402,66.06177802,32162.02902,30103659.16,1.457109046,124.5833333,116610
164,abuja,319,SA,1322229.41,3,72.945662,Lower Middle,3.566728269,2.665952951,1,14,3.206163086,5,0.011184674,0,2,0.122489977,0,1.09589863,95.69808648,66.74436386,2337.326383,101.3076779,76.60021778,12867.64271,4104778.023,1.243020144,109.9153605,35063,10.26415573,9,29,7.57685287,12,0.036369202,0.025575519,0.96467956,0.044636209,0.041646213,1.090314676,93.07604006,66.26313564,2337.326383,94.44242118,73.58478136,23278.63857,7425885.704,1.239168404,78.66144201,25093
